group_rank,ticker,name,wsb_rank,mentions,source,group,score,close,rsi2,rsi14,z_band,dist_band_%,vol_surge,up_close,obv_rising,above_50,sma20_up,mom_63_%,pos_vs_band,band_bot,band_top,band_read,exit_z_target,exit_plan,stop_%,dip,trigger,pos_state,entry_price,pos_gain_%,pos_ret_%,exit_reason,entry_date,bars_held,s_oversold,s_stretch,s_volume,s_reversal,s_trend,bt_trades,bt_winrate_%,bt_expectancy_$,bt_avg_bars,bt_profit_factor,signal_date,bars,note
1,AZZ,AZZ,65,7,wsb,BUY NOW,56.0,139.9,5.7,40.4,-1.78,-7.07,1.2,False,False,False,True,5.0,below,148.38,151.21,"-1.8 sigma below band - stretched, buy zone",0.5,z>=+0.5,5.0,True,True,FLAT,,,,,,,85.0,75.0,35.0,0.0,30.0,62.0,69.4,20.16,8.0,2.23,2026-07-09,1255,"dip buy (69% hist win): RSI-2 6 (oversold), -1.8 sigma below band -> exit z>=+0.5, 5% stop"
2,CMCSA,CMCSA,101,17,popular,BUY NOW,37.0,23.12,9.9,44.2,-0.27,-0.8,0.27,False,False,False,True,-16.2,below,23.19,23.43,at the band,0.0,z>=0 (quick bounce),5.0,True,True,FLAT,,,,,,,85.0,15.0,14.0,0.0,30.0,64.0,62.5,0.05,8.7,1.0,2026-07-09,1255,"dip buy (62% hist win): RSI-2 10 (oversold) -> exit z>=0 (quick bounce), 5% stop"
1,KORU,Direxion Shares ETF Trust - Direxion Daily South Korea Bull 3X Shares,49,10,wsb,SELL / EXIT,23.8,573.35,54.4,42.4,-0.98,-29.78,1.18,True,True,False,False,41.6,below,724.45,763.73,-1.0 sigma below band - pulling back toward band,0.5,z>=+0.5,5.0,False,False,SOLD,625.63,,-23.08,stop,,,5.0,35.0,20.0,100.0,0.0,83.0,34.9,-17.16,4.9,0.68,2026-07-09,1255,"SELL: 5% stop hit (-23.1%) - buy was wrong, cut it; re-enter on the next dip"
2,MU,MU,21,97,popular,SELL / EXIT,36.6,1018.22,79.8,51.7,-0.16,-1.4,0.52,True,False,True,True,150.3,inside,1014.33,1050.52,at the band,1.5,z>=+1.5 (ride momentum),5.0,False,False,SOLD,1007.0,,-10.36,stop,,,5.0,15.0,20.0,100.0,100.0,58.0,53.4,27.66,6.7,1.87,2026-07-09,1255,"SELL: 5% stop hit (-10.4%) - buy was wrong, cut it; re-enter on the next dip"
3,RMBS,Rambus,83,5,wsb,SELL / EXIT,23.8,116.94,76.8,44.0,-0.75,-8.02,0.37,True,False,False,False,15.3,below,125.3,127.34,-0.8 sigma below band - pulling back toward band,0.5,z>=+0.5,5.0,False,False,SOLD,115.81,,-9.55,stop,,,5.0,35.0,20.0,100.0,0.0,70.0,65.7,32.18,6.6,2.27,2026-07-09,1255,"SELL: 5% stop hit (-9.6%) - buy was wrong, cut it; re-enter on the next dip"
4,SMCI,SMCI,27,91,popular,SELL / EXIT,23.8,28.76,82.0,44.3,-0.64,-5.19,0.33,True,False,False,False,23.1,below,29.82,30.68,-0.6 sigma below band - pulling back toward band,0.5,z>=+0.5,5.0,False,False,SOLD,28.42,,-8.02,stop,,,5.0,35.0,20.0,100.0,0.0,73.0,52.1,30.73,6.3,1.71,2026-07-09,1255,"SELL: 5% stop hit (-8.0%) - buy was wrong, cut it; re-enter on the next dip"
5,WDC,Western Digital,80,5,wsb,SELL / EXIT,31.2,586.83,75.1,50.4,-0.24,-3.01,0.43,True,True,True,True,73.2,below,591.05,617.95,at the band,1.5,z>=+1.5 (ride momentum),5.0,False,False,SOLD,567.0,,-7.23,stop,,,5.0,15.0,20.0,100.0,70.0,59.0,47.5,10.27,6.2,1.26,2026-07-09,1255,"SELL: 5% stop hit (-7.2%) - buy was wrong, cut it; re-enter on the next dip"
6,WD,Walker & Dunlop,95,4,wsb,SELL / EXIT,34.4,50.62,46.3,45.4,-1.03,-3.22,0.23,True,False,False,True,13.4,below,52.1,52.4,-1.0 sigma below band - pulling back toward band,0.5,z>=+0.5,5.0,False,False,SOLD,52.85,,-6.28,stop,,,5.0,55.0,20.0,100.0,30.0,64.0,53.1,-6.27,8.2,0.81,2026-07-09,1255,"SELL: 5% stop hit (-6.3%) - buy was wrong, cut it; re-enter on the next dip"
7,MP,MP Materials,43,13,wsb,SELL / EXIT,22.5,52.15,43.8,39.9,-1.26,-7.21,0.43,False,False,False,False,-4.2,below,55.87,55.95,-1.3 sigma below band - pulling back toward band,0.0,z>=0 (quick bounce),5.0,False,False,SOLD,53.55,,-5.7,stop,,,20.0,55.0,14.0,0.0,0.0,77.0,41.6,1.27,5.6,1.03,2026-07-09,1255,"SELL: 5% stop hit (-5.7%) - buy was wrong, cut it; re-enter on the next dip"
8,CSCO,CSCO,15,103,popular,SELL / EXIT,31.2,118.6,87.6,54.5,0.56,1.42,0.37,True,True,True,False,42.2,above,116.37,117.47,+0.6 sigma above band - riding above support,1.5,z>=+1.5 (ride momentum),5.0,False,False,SOLD,118.16,,-5.48,stop,,,5.0,15.0,20.0,100.0,70.0,43.0,65.1,5.99,12.2,1.36,2026-07-09,1255,"SELL: 5% stop hit (-5.5%) - buy was wrong, cut it; re-enter on the next dip"
9,OR,Osisko Gold Royalties,96,4,wsb,SELL / EXIT,29.0,29.86,47.5,35.1,-1.17,-8.29,0.45,True,False,False,False,-25.6,below,32.25,32.44,-1.2 sigma below band - pulling back toward band,0.0,z>=0 (quick bounce),5.0,False,False,SOLD,30.83,,-3.3,stop,,,5.0,55.0,20.0,100.0,0.0,58.0,65.5,19.35,8.6,1.84,2026-07-09,1255,"SELL: 5% stop hit (-3.3%) - buy was wrong, cut it; re-enter on the next dip"
10,AGI,Alamos Gold,85,5,wsb,SELL / EXIT,28.3,29.79,41.0,35.6,-0.98,-9.52,0.36,True,False,False,False,-37.4,below,32.59,32.65,-1.0 sigma below band - pulling back toward band,0.0,z>=0 (quick bounce),5.0,False,False,SOLD,30.81,,-3.28,stop,,,20.0,35.0,20.0,100.0,0.0,58.0,62.1,23.28,7.4,1.97,2026-07-09,1255,"SELL: 5% stop hit (-3.3%) - buy was wrong, cut it; re-enter on the next dip"
11,ET,Energy Transfer Partners,114,3,wsb,SELL / EXIT,21.7,19.8,71.5,61.2,1.68,2.85,0.48,False,True,True,True,5.6,above,19.14,19.33,+1.7 sigma above band - riding above support,1.5,z>=+1.5 (ride momentum),5.0,False,False,SOLD,19.5,,2.31,z-target,,,5.0,0.0,14.0,0.0,100.0,57.0,84.2,25.55,8.7,4.4,2026-07-09,1255,"SELL: target reached (+2.3%) - mean-reversion thesis complete, take profit"
12,AM,Antero Midstream,25,19,wsb,SELL / EXIT,25.6,22.66,59.4,58.3,0.79,2.04,0.19,False,True,True,True,1.9,above,22.15,22.24,+0.8 sigma above band - riding above support,1.5,z>=+1.5 (ride momentum),5.0,False,False,SOLD,22.29,,2.65,z-target,,,5.0,15.0,14.0,0.0,100.0,49.0,81.6,23.2,10.7,3.25,2026-07-09,1255,"SELL: target reached (+2.6%) - mean-reversion thesis complete, take profit"
13,XOM,XOM,81,37,popular,SELL / EXIT,23.3,138.01,28.2,42.1,-0.56,-1.66,0.37,False,False,False,False,-11.1,below,139.91,140.71,-0.6 sigma below band - pulling back toward band,0.0,z>=0 (quick bounce),5.0,False,False,SOLD,139.46,,2.85,z-target,,,40.0,35.0,14.0,0.0,0.0,52.0,73.1,8.73,9.7,1.53,2026-07-09,1255,"SELL: target reached (+2.9%) - mean-reversion thesis complete, take profit"
14,XLE,XLE,109,9,popular,SELL / EXIT,13.0,55.03,59.3,49.9,0.27,0.69,0.44,False,True,False,False,-4.5,above,54.53,54.76,at the band,0.0,z>=0 (quick bounce),5.0,False,False,SOLD,53.53,,3.27,z-target,,,5.0,15.0,14.0,0.0,30.0,59.0,74.6,10.51,8.2,1.69,2026-07-09,1255,"SELL: target reached (+3.3%) - mean-reversion thesis complete, take profit"
15,COP,COP,83,35,popular,SELL / EXIT,7.6,108.51,50.6,46.2,-0.14,-0.61,0.34,False,True,False,False,-12.7,below,109.06,109.3,at the band,0.0,z>=0 (quick bounce),5.0,False,False,SOLD,104.12,,5.67,z-target,,,5.0,15.0,14.0,0.0,0.0,62.0,56.5,2.29,7.4,1.08,2026-07-09,1255,"SELL: target reached (+5.7%) - mean-reversion thesis complete, take profit"
16,CVX,CVX,82,36,popular,SELL / EXIT,7.6,174.42,60.3,46.5,-0.1,-0.41,0.36,False,True,False,False,-8.7,below,175.1,175.16,at the band,0.0,z>=0 (quick bounce),5.0,False,False,SOLD,164.78,,5.98,z-target,,,5.0,15.0,14.0,0.0,0.0,53.0,71.7,8.11,8.7,1.51,2026-07-09,1255,"SELL: target reached (+6.0%) - mean-reversion thesis complete, take profit"
17,AVGO,AVGO,9,109,popular,SELL / EXIT,20.1,404.73,94.1,55.2,1.63,5.13,0.58,True,True,False,False,15.6,above,381.34,386.63,+1.6 sigma above band - riding above support,0.5,z>=+0.5,5.0,False,False,SOLD,373.62,,7.67,z-target,,,5.0,0.0,20.0,100.0,30.0,63.0,65.1,28.49,7.1,2.41,2026-07-09,1255,"SELL: target reached (+7.7%) - mean-reversion thesis complete, take profit"
18,INTU,INTU,22,96,popular,SELL / EXIT,17.5,272.04,37.1,42.4,-0.34,-1.08,0.42,False,False,False,False,-29.9,inside,270.24,279.68,at the band,0.0,z>=0 (quick bounce),5.0,False,False,SOLD,258.12,,8.16,z-target,,,20.0,15.0,14.0,0.0,30.0,66.0,62.1,9.34,7.7,1.36,2026-07-09,1255,"SELL: target reached (+8.2%) - mean-reversion thesis complete, take profit"
19,OXY,OXY,84,34,popular,SELL / EXIT,13.0,52.54,61.1,49.1,0.17,0.83,0.46,False,True,False,False,-11.7,above,51.99,52.22,at the band,0.0,z>=0 (quick bounce),5.0,False,False,SOLD,48.38,,9.28,z-target,,,5.0,15.0,14.0,0.0,30.0,60.0,55.0,11.02,8.4,1.45,2026-07-09,1255,"SELL: target reached (+9.3%) - mean-reversion thesis complete, take profit"
20,IT,Gartner,21,24,wsb,SELL / EXIT,23.3,131.57,21.5,41.3,-0.7,-4.25,0.4,False,False,False,False,-11.9,below,135.98,138.35,-0.7 sigma below band - pulling back toward band,0.0,z>=0 (quick bounce),5.0,False,False,SOLD,126.0,,10.07,z-target,,,40.0,35.0,14.0,0.0,0.0,59.0,54.2,-11.73,9.6,0.69,2026-07-09,1255,"SELL: target reached (+10.1%) - mean-reversion thesis complete, take profit"
21,BABA,Alibaba,28,18,wsb,SELL / EXIT,24.0,111.96,98.5,55.4,0.97,6.22,0.69,True,True,False,False,-9.8,above,103.89,106.08,+1.0 sigma above band - riding above support,0.0,z>=0 (quick bounce),5.0,False,False,SOLD,96.14,,13.5,z-target,,,5.0,15.0,20.0,100.0,30.0,73.0,46.6,-2.65,6.5,0.92,2026-07-09,1255,"SELL: target reached (+13.5%) - mean-reversion thesis complete, take profit"
22,SOXS,Direxion Shares ETF Trust - Direxion Daily Semiconductor Bear 3X Share,46,11,wsb,SELL / EXIT,23.3,3.92,22.0,40.9,-0.76,-13.86,0.76,False,False,False,False,-85.3,below,4.22,4.71,-0.8 sigma below band - pulling back toward band,0.0,z>=0 (quick bounce),5.0,False,False,SOLD,3.59,,38.72,z-target,,,40.0,35.0,14.0,0.0,0.0,116.0,31.9,-10.37,4.1,0.83,2026-07-09,1255,"SELL: target reached (+38.7%) - mean-reversion thesis complete, take profit"
1,SOXL,Direxion Shares ETF Trust - Direxion Daily Semiconductor Bull 3X Share,18,31,wsb,HOLDING (RIDE),23.8,197.39,72.4,47.8,-0.6,-11.19,0.72,True,False,False,False,192.4,below,213.19,225.78,-0.6 sigma below band - pulling back toward band,0.5,z>=+0.5,5.0,False,False,HOLDING,159.21,23.98,,,2026-07-08,1.0,5.0,35.0,20.0,100.0,0.0,82.0,47.6,44.11,5.2,1.89,2026-07-09,1255,"in since 2026-07-08 (+24.0%): riding to z>=+0.5, 5% stop"
2,SNDK,Sandisk,5,181,wsb,HOLDING (RIDE),36.6,1942.97,82.4,52.7,0.08,0.84,0.78,True,False,True,True,148.8,inside,1880.32,1972.95,at the band,1.5,z>=+1.5 (ride momentum),5.0,False,False,HOLDING,1591.8,22.06,,,2026-07-08,1.0,5.0,15.0,20.0,100.0,100.0,8.0,62.5,35.83,4.6,2.08,2026-07-09,351,"in since 2026-07-08 (+22.1%): riding to z>=+1.5 (ride momentum), 5% stop"
3,MSTR,MSTR,92,26,popular,HOLDING (RIDE),23.8,95.67,48.2,38.7,-0.67,-9.91,0.33,True,True,False,False,-25.4,below,103.95,106.34,-0.7 sigma below band - pulling back toward band,0.0,z>=0 (quick bounce),5.0,False,False,HOLDING,83.23,14.94,,,2026-06-26,8.0,5.0,35.0,20.0,100.0,0.0,85.0,41.2,21.24,5.4,1.42,2026-07-09,1255,"in since 2026-06-26 (+14.9%): riding to z>=0 (quick bounce), 5% stop"
4,NBIS,Nebius Group,10,63,wsb,HOLDING (RIDE),31.0,220.64,67.9,46.5,-0.67,-8.7,0.58,True,False,True,False,76.5,below,234.56,245.1,-0.7 sigma below band - pulling back toward band,1.5,z>=+1.5 (ride momentum),5.0,False,False,HOLDING,192.67,14.52,,,2026-07-08,1.0,5.0,35.0,20.0,100.0,40.0,23.0,34.8,16.14,3.0,1.31,2026-07-09,429,"in since 2026-07-08 (+14.5%): riding to z>=+1.5 (ride momentum), 5% stop"
5,WULF,TeraWulf,73,6,wsb,HOLDING (RIDE),18.6,23.83,77.6,47.9,-0.41,-4.53,0.91,True,True,False,False,32.0,below,24.43,25.39,at the band,0.5,z>=+0.5,5.0,False,False,HOLDING,21.06,13.15,,,2026-07-08,1.0,5.0,15.0,20.0,100.0,0.0,98.0,35.7,29.2,3.9,1.54,2026-07-09,1255,"in since 2026-07-08 (+13.2%): riding to z>=+0.5, 5% stop"
6,AMC,AMC Entertainment,64,7,wsb,HOLDING (RIDE),25.8,1.93,79.1,48.8,-0.42,-7.1,0.54,True,False,True,False,43.8,below,1.98,2.14,at the band,1.5,z>=+1.5 (ride momentum),5.0,False,False,HOLDING,1.71,12.67,,,2026-07-07,2.0,5.0,15.0,20.0,100.0,40.0,104.0,31.7,15.38,4.7,1.25,2026-07-09,1255,"in since 2026-07-07 (+12.7%): riding to z>=+1.5 (ride momentum), 5% stop"
7,DKNG,DKNG,95,23,popular,HOLDING (RIDE),30.1,26.51,36.1,52.8,0.1,0.65,0.53,False,True,True,True,10.7,inside,26.1,26.57,at the band,1.5,z>=+1.5 (ride momentum),5.0,False,False,HOLDING,23.7,11.86,,,2026-06-26,8.0,20.0,15.0,14.0,0.0,100.0,76.0,44.7,7.86,5.8,1.19,2026-07-09,1255,"in since 2026-06-26 (+11.9%): riding to z>=+1.5 (ride momentum), 5% stop"
8,ON,ON Semiconductor,47,10,wsb,HOLDING (RIDE),18.6,100.46,87.3,46.6,-0.38,-5.21,0.56,True,True,False,False,46.9,below,104.17,107.22,at the band,0.5,z>=+0.5,5.0,False,False,HOLDING,90.2,11.37,,,2026-06-29,7.0,5.0,15.0,20.0,100.0,0.0,67.0,52.2,13.07,6.4,1.4,2026-07-09,1255,"in since 2026-06-29 (+11.4%): riding to z>=+0.5, 5% stop"
9,CRWV,CoreWeave,53,10,wsb,HOLDING (RIDE),23.8,91.18,77.9,43.8,-0.61,-7.25,0.49,True,True,False,False,2.6,below,96.81,98.78,-0.6 sigma below band - pulling back toward band,0.5,z>=+0.5,5.0,False,False,HOLDING,83.01,9.84,,,2026-07-06,3.0,5.0,35.0,20.0,100.0,0.0,24.0,37.5,3.74,3.2,1.07,2026-07-09,321,"in since 2026-07-06 (+9.8%): riding to z>=+0.5, 5% stop"
10,AMAT,AMAT,20,98,popular,HOLDING (RIDE),36.6,595.2,67.5,53.0,0.01,0.05,0.58,True,False,True,True,54.5,inside,586.07,603.77,at the band,1.5,z>=+1.5 (ride momentum),5.0,False,False,HOLDING,547.1,8.79,,,2026-07-08,1.0,5.0,15.0,20.0,100.0,100.0,58.0,58.6,13.94,7.7,1.44,2026-07-09,1255,"in since 2026-07-08 (+8.8%): riding to z>=+1.5 (ride momentum), 5% stop"
11,WTI,W&T Offshore,111,3,wsb,HOLDING (RIDE),13.0,3.46,59.4,49.6,0.16,1.6,0.61,False,True,False,False,18.8,above,3.39,3.42,at the band,0.5,z>=+0.5,5.0,False,False,HOLDING,3.21,7.79,,,2026-06-17,14.0,5.0,15.0,14.0,0.0,30.0,81.0,48.1,11.72,5.9,1.34,2026-07-09,1255,"in since 2026-06-17 (+7.8%): riding to z>=+0.5, 5% stop"
12,IBKR,Interactive Brokers,69,6,wsb,HOLDING (RIDE),32.7,96.0,75.3,59.9,1.23,4.11,0.27,True,False,True,True,32.8,above,91.69,92.4,+1.2 sigma above band - riding above support,1.5,z>=+1.5 (ride momentum),5.0,False,False,HOLDING,90.34,6.26,,,2026-06-29,7.0,5.0,0.0,20.0,100.0,100.0,55.0,67.3,15.57,7.2,1.68,2026-07-09,1255,"in since 2026-06-29 (+6.3%): riding to z>=+1.5 (ride momentum), 5% stop"
13,NOK,Nokia,62,7,wsb,HOLDING (RIDE),23.8,12.75,79.6,45.5,-0.64,-4.42,0.59,True,True,False,False,35.1,below,13.24,13.38,-0.6 sigma below band - pulling back toward band,0.5,z>=+0.5,5.0,False,False,HOLDING,12.0,6.25,,,2026-07-07,2.0,5.0,35.0,20.0,100.0,0.0,55.0,63.6,12.55,8.0,1.54,2026-07-09,1255,"in since 2026-07-07 (+6.2%): riding to z>=+0.5, 5% stop"
14,AG,First Majestic Silver,84,5,wsb,HOLDING (RIDE),24.0,17.34,72.5,47.9,0.01,0.08,0.8,True,False,False,False,-17.0,inside,17.22,17.44,at the band,0.0,z>=0 (quick bounce),5.0,False,False,HOLDING,16.35,6.06,,,2026-07-09,0.0,5.0,15.0,20.0,100.0,30.0,81.0,45.7,13.55,6.2,1.36,2026-07-09,1255,"in since 2026-07-09 (+6.1%): riding to z>=0 (quick bounce), 5% stop"
15,AAOI,Applied Optoelectronics,52,10,wsb,HOLDING (RIDE),23.8,124.61,74.0,40.9,-0.98,-17.81,0.53,True,False,False,False,-6.1,below,144.44,149.17,-1.0 sigma below band - pulling back toward band,0.0,z>=0 (quick bounce),5.0,False,False,HOLDING,118.15,5.47,,,2026-07-07,2.0,5.0,35.0,20.0,100.0,0.0,78.0,33.3,9.06,6.0,1.15,2026-07-09,1255,"in since 2026-07-07 (+5.5%): riding to z>=0 (quick bounce), 5% stop"
16,MARA,MARA,93,25,popular,HOLDING (RIDE),30.6,13.32,80.9,49.6,-0.24,-1.57,1.45,True,False,True,False,40.2,below,13.38,13.68,at the band,1.5,z>=+1.5 (ride momentum),5.0,False,False,HOLDING,12.63,5.46,,,2026-07-06,3.0,5.0,15.0,50.0,100.0,40.0,96.0,37.5,10.12,4.6,1.18,2026-07-09,1255,"in since 2026-07-06 (+5.5%): riding to z>=+1.5 (ride momentum), 5% stop"
17,QCOM,QCOM,16,102,popular,HOLDING (RIDE),18.6,191.5,84.6,46.5,-0.43,-3.36,0.37,True,False,False,False,50.2,below,197.04,198.84,at the band,0.5,z>=+0.5,5.0,False,False,HOLDING,182.17,5.12,,,2026-07-02,4.0,5.0,15.0,20.0,100.0,0.0,67.0,59.7,16.55,7.7,1.77,2026-07-09,1255,"in since 2026-07-02 (+5.1%): riding to z>=+0.5, 5% stop"
18,NVDA,NVDA,3,115,popular,HOLDING (RIDE),13.0,202.94,73.9,49.8,0.2,0.57,0.59,False,True,False,False,11.5,above,201.43,202.13,at the band,0.5,z>=+0.5,5.0,False,False,HOLDING,193.12,5.08,,,2026-06-26,8.0,5.0,15.0,14.0,0.0,30.0,60.0,56.7,22.72,7.6,1.74,2026-07-09,1255,"in since 2026-06-26 (+5.1%): riding to z>=+0.5, 5% stop"
19,FCX,FCX,86,32,popular,HOLDING (RIDE),23.8,60.77,70.1,44.5,-0.66,-4.29,0.65,True,False,False,False,-6.4,below,62.75,64.01,-0.7 sigma below band - pulling back toward band,0.0,z>=0 (quick bounce),5.0,False,False,HOLDING,57.92,4.92,,,2026-07-08,1.0,5.0,35.0,20.0,100.0,0.0,61.0,52.5,7.56,7.5,1.2,2026-07-09,1255,"in since 2026-07-08 (+4.9%): riding to z>=0 (quick bounce), 5% stop"
20,IREN,Iris Energy,88,5,wsb,HOLDING (RIDE),12.8,42.61,55.3,40.1,-0.93,-16.08,0.69,False,False,False,False,15.7,below,48.62,50.3,-0.9 sigma below band - pulling back toward band,0.5,z>=+0.5,5.0,False,False,HOLDING,40.74,4.59,,,2026-07-08,1.0,5.0,35.0,14.0,0.0,0.0,93.0,37.6,18.83,4.5,1.34,2026-07-09,1163,"in since 2026-07-08 (+4.6%): riding to z>=+0.5, 5% stop"
21,PUMP,ProPetro,63,7,wsb,HOLDING (RIDE),18.0,12.84,63.2,37.2,-1.13,-9.63,0.26,False,True,False,False,-7.2,below,14.0,14.16,-1.1 sigma below band - pulling back toward band,0.0,z>=0 (quick bounce),5.0,False,False,HOLDING,12.3,4.39,,,2026-07-07,2.0,5.0,55.0,14.0,0.0,0.0,72.0,48.6,-1.16,6.5,0.97,2026-07-09,1255,"in since 2026-07-07 (+4.4%): riding to z>=0 (quick bounce), 5% stop"
22,MS,MS,37,81,popular,HOLDING (RIDE),32.7,223.28,75.6,60.0,1.04,2.81,0.32,True,True,True,True,27.5,above,216.11,217.92,+1.0 sigma above band - riding above support,1.5,z>=+1.5 (ride momentum),5.0,False,False,HOLDING,214.33,4.18,,,2026-06-29,7.0,5.0,0.0,20.0,100.0,100.0,57.0,64.9,9.21,8.3,1.45,2026-07-09,1255,"in since 2026-06-29 (+4.2%): riding to z>=+1.5 (ride momentum), 5% stop"
23,ONDS,Ondas Holdings,38,15,wsb,HOLDING (RIDE),23.8,7.82,73.6,41.4,-0.77,-7.93,0.95,True,True,False,False,-17.2,below,8.41,8.48,-0.8 sigma below band - pulling back toward band,0.0,z>=0 (quick bounce),5.0,False,False,HOLDING,7.51,4.13,,,2026-06-26,8.0,5.0,35.0,20.0,100.0,0.0,100.0,29.0,1.92,4.6,1.03,2026-07-09,1255,"in since 2026-06-26 (+4.1%): riding to z>=0 (quick bounce), 5% stop"
24,INTC,INTC,18,100,popular,HOLDING (RIDE),38.9,112.43,40.1,44.9,-1.03,-9.09,0.56,True,False,False,True,90.7,below,120.88,124.43,-1.0 sigma below band - pulling back toward band,0.5,z>=+0.5,5.0,False,False,HOLDING,108.3,3.82,,,2026-07-08,1.0,20.0,55.0,20.0,100.0,30.0,66.0,42.4,-9.97,7.6,0.74,2026-07-09,1255,"in since 2026-07-08 (+3.8%): riding to z>=+0.5, 5% stop"
25,RKLB,Rocket Lab USA,17,33,wsb,HOLDING (RIDE),45.5,83.86,17.2,38.9,-1.29,-15.8,0.41,True,False,False,False,21.4,below,97.06,97.17,-1.3 sigma below band - pulling back toward band,0.5,z>=+0.5,5.0,False,False,HOLDING,81.11,3.4,,,2026-06-26,8.0,60.0,55.0,20.0,100.0,0.0,71.0,35.2,-6.51,6.0,0.87,2026-07-09,1255,"in since 2026-06-26 (+3.4%): riding to z>=+0.5, 5% stop"
26,JUST,Goldman Sachs ETF Trust - Goldman Sachs Just Us Large Cap Equity ETF,86,5,wsb,HOLDING (RIDE),32.7,107.26,76.5,57.7,1.08,1.06,0.88,True,True,True,True,11.5,above,106.04,106.21,+1.1 sigma above band - riding above support,1.5,z>=+1.5 (ride momentum),5.0,False,False,HOLDING,104.01,3.13,,,2026-06-11,18.0,5.0,0.0,20.0,100.0,100.0,50.0,80.0,5.95,9.4,1.53,2026-07-09,1255,"in since 2026-06-11 (+3.1%): riding to z>=+1.5 (ride momentum), 5% stop"
27,OKLO,Oklo,66,7,wsb,HOLDING (RIDE),29.0,49.28,59.4,38.6,-1.19,-10.05,0.43,True,False,False,False,-1.9,below,54.22,54.24,-1.2 sigma below band - pulling back toward band,0.0,z>=0 (quick bounce),5.0,False,False,HOLDING,47.85,2.99,,,2026-07-09,0.0,5.0,55.0,20.0,100.0,0.0,68.0,48.5,11.32,5.9,1.28,2026-07-09,1255,"in since 2026-07-09 (+3.0%): riding to z>=0 (quick bounce), 5% stop"
28,SLV,SLV,116,2,popular,HOLDING (RIDE),23.8,54.36,58.9,39.9,-0.63,-4.46,0.39,True,True,False,False,-19.4,below,56.57,57.0,-0.6 sigma below band - pulling back toward band,0.0,z>=0 (quick bounce),5.0,False,False,HOLDING,52.87,2.82,,,2026-06-26,8.0,5.0,35.0,20.0,100.0,0.0,55.0,65.5,10.33,8.4,1.47,2026-07-09,1255,"in since 2026-06-26 (+2.8%): riding to z>=0 (quick bounce), 5% stop"
29,UUUU,Energy Fuels,112,3,wsb,HOLDING (RIDE),29.0,13.56,67.3,37.7,-1.18,-8.52,0.44,True,False,False,False,-26.3,below,14.64,14.78,-1.2 sigma below band - pulling back toward band,0.0,z>=0 (quick bounce),5.0,False,False,HOLDING,13.2,2.69,,,2026-07-09,0.0,5.0,55.0,20.0,100.0,0.0,72.0,44.4,17.68,5.5,1.4,2026-07-09,1255,"in since 2026-07-09 (+2.7%): riding to z>=0 (quick bounce), 5% stop"
30,HR,Healthcare Realty,94,4,wsb,HOLDING (RIDE),32.7,20.86,87.8,60.7,1.83,2.21,0.3,True,True,True,True,19.9,above,20.37,20.42,+1.8 sigma above band - riding above support,1.5,z>=+1.5 (ride momentum),5.0,False,False,HOLDING,20.32,2.65,,,2026-06-18,13.0,5.0,0.0,20.0,100.0,100.0,54.0,63.0,2.26,10.5,1.11,2026-07-09,1255,"in since 2026-06-18 (+2.6%): riding to z>=+1.5 (ride momentum), 5% stop"
31,TGT,TGT,69,49,popular,HOLDING (RIDE),36.6,133.77,86.8,54.9,0.47,1.46,0.44,True,True,True,True,9.7,above,131.09,132.54,at the band,1.5,z>=+1.5 (ride momentum),5.0,False,False,HOLDING,130.74,2.32,,,2026-07-02,4.0,5.0,15.0,20.0,100.0,100.0,58.0,60.3,2.5,10.1,1.09,2026-07-09,1255,"in since 2026-07-02 (+2.3%): riding to z>=+1.5 (ride momentum), 5% stop"
32,UP,Wheels Up,42,13,wsb,HOLDING (RIDE),41.1,8.06,33.3,50.4,0.05,0.42,0.17,True,False,True,True,-21.9,inside,7.97,8.09,at the band,0.5,z>=+0.5,5.0,False,False,HOLDING,7.9,2.09,,,2026-07-09,0.0,20.0,15.0,20.0,100.0,100.0,115.0,31.3,10.85,4.7,1.19,2026-07-09,1255,"in since 2026-07-09 (+2.1%): riding to z>=+0.5, 5% stop"
33,NEM,NEM,87,31,popular,HOLDING (RIDE),23.8,94.89,54.1,42.5,-0.67,-3.37,0.38,True,True,False,False,-19.5,below,97.95,98.22,-0.7 sigma below band - pulling back toward band,0.0,z>=0 (quick bounce),5.0,False,False,HOLDING,93.24,1.76,,,2026-06-24,10.0,5.0,35.0,20.0,100.0,0.0,63.0,54.0,14.01,7.9,1.5,2026-07-09,1255,"in since 2026-06-24 (+1.8%): riding to z>=0 (quick bounce), 5% stop"
34,GLD,GLD,115,3,popular,HOLDING (RIDE),18.6,378.4,64.7,43.9,-0.27,-0.65,0.44,True,True,False,False,-12.9,below,379.32,382.41,at the band,0.0,z>=0 (quick bounce),5.0,False,False,HOLDING,372.27,1.65,,,2026-06-26,8.0,5.0,15.0,20.0,100.0,0.0,43.0,72.1,12.3,12.3,2.28,2026-07-09,1255,"in since 2026-06-26 (+1.6%): riding to z>=0 (quick bounce), 5% stop"
35,VTI,VTI,106,12,popular,HOLDING (RIDE),32.7,371.59,75.1,58.1,1.16,1.23,0.6,True,False,True,True,11.7,above,366.72,367.31,+1.2 sigma above band - riding above support,1.5,z>=+1.5 (ride momentum),5.0,False,False,HOLDING,365.64,1.63,,,2026-06-08,21.0,5.0,0.0,20.0,100.0,100.0,49.0,75.5,5.64,10.0,1.47,2026-07-09,1255,"in since 2026-06-08 (+1.6%): riding to z>=+1.5 (ride momentum), 5% stop"
36,SPY,SPY,102,16,popular,HOLDING (RIDE),32.7,751.44,76.5,57.4,1.12,1.2,0.4,True,False,True,True,11.4,above,741.75,743.15,+1.1 sigma above band - riding above support,1.5,z>=+1.5 (ride momentum),5.0,False,False,HOLDING,741.45,1.35,,,2026-06-08,21.0,5.0,0.0,20.0,100.0,100.0,49.0,75.5,5.39,10.0,1.45,2026-07-09,1255,"in since 2026-06-08 (+1.4%): riding to z>=+1.5 (ride momentum), 5% stop"
37,VOO,Vanguard S&P 500 ETF,44,12,wsb,HOLDING (RIDE),32.7,690.71,77.0,57.7,1.12,1.21,0.25,True,False,True,True,11.5,above,681.72,683.04,+1.1 sigma above band - riding above support,1.5,z>=+1.5 (ride momentum),5.0,False,False,HOLDING,681.49,1.35,,,2026-06-08,21.0,5.0,0.0,20.0,100.0,100.0,49.0,75.5,5.3,10.1,1.44,2026-07-09,1255,"in since 2026-06-08 (+1.4%): riding to z>=+1.5 (ride momentum), 5% stop"
38,APLD,Applied Blockchain,74,6,wsb,HOLDING (RIDE),29.0,32.6,62.8,35.6,-1.14,-19.06,0.6,True,True,False,False,17.3,below,38.0,39.62,-1.1 sigma below band - pulling back toward band,0.5,z>=+0.5,5.0,False,False,HOLDING,32.23,1.15,,,2026-07-07,2.0,5.0,55.0,20.0,100.0,0.0,69.0,34.8,29.68,4.3,1.54,2026-07-09,1062,"in since 2026-07-07 (+1.1%): riding to z>=+0.5, 5% stop"
39,T,T,98,20,popular,HOLDING (RIDE),22.5,20.93,40.9,34.5,-1.02,-5.04,0.39,False,True,False,False,-22.7,below,21.96,22.02,-1.0 sigma below band - pulling back toward band,0.0,z>=0 (quick bounce),5.0,False,False,HOLDING,20.7,1.14,,,2026-07-02,4.0,20.0,55.0,14.0,0.0,0.0,48.0,54.2,-6.06,11.0,0.77,2026-07-09,1255,"in since 2026-07-02 (+1.1%): riding to z>=0 (quick bounce), 5% stop"
40,QQQ,QQQ,103,15,popular,HOLDING (RIDE),31.2,723.34,76.2,52.2,0.27,0.47,0.51,True,False,True,False,19.5,above,719.11,720.7,at the band,1.5,z>=+1.5 (ride momentum),5.0,False,False,HOLDING,717.02,0.88,,,2026-06-08,21.0,5.0,15.0,20.0,100.0,70.0,51.0,72.5,8.38,8.9,1.59,2026-07-09,1255,"in since 2026-06-08 (+0.9%): riding to z>=+1.5 (ride momentum), 5% stop"
41,CIA,Citizens Inc,103,4,wsb,HOLDING (RIDE),35.9,5.59,27.6,48.0,-0.61,-2.61,0.12,False,False,True,True,2.5,below,5.71,5.78,-0.6 sigma below band - pulling back toward band,1.5,z>=+1.5 (ride momentum),5.0,False,False,HOLDING,5.55,0.81,,,2026-07-08,1.0,40.0,35.0,14.0,0.0,70.0,72.0,43.1,7.28,6.5,1.18,2026-07-09,1255,"in since 2026-07-08 (+0.8%): riding to z>=+1.5 (ride momentum), 5% stop"
42,IWM,IWM,104,14,popular,HOLDING (RIDE),36.6,297.48,65.8,56.4,0.54,0.83,0.4,True,False,True,True,14.5,above,294.67,295.34,+0.5 sigma above band - riding above support,1.5,z>=+1.5 (ride momentum),5.0,False,False,HOLDING,295.27,0.75,,,2026-07-09,0.0,5.0,15.0,20.0,100.0,100.0,50.0,70.0,3.89,10.3,1.22,2026-07-09,1255,"in since 2026-07-09 (+0.8%): riding to z>=+1.5 (ride momentum), 5% stop"
43,WEN,Wendy’s Company,11,54,wsb,HOLDING (RIDE),49.6,7.43,8.0,49.2,-0.05,-0.54,0.2,False,False,True,True,5.3,inside,7.39,7.57,at the band,1.5,z>=+1.5 (ride momentum),5.0,True,True,HOLDING,7.39,0.61,,,2026-07-09,0.0,85.0,15.0,14.0,0.0,100.0,66.0,56.1,1.09,7.7,1.04,2026-07-09,1255,"in since 2026-07-09 (+0.6%): riding to z>=+1.5 (ride momentum), 5% stop"
44,GS,GS,36,82,popular,HOLDING (RIDE),31.2,1060.97,78.1,55.4,0.38,1.2,0.32,True,True,True,False,17.1,above,1042.16,1054.29,at the band,1.5,z>=+1.5 (ride momentum),5.0,False,False,HOLDING,1054.74,0.59,,,2026-06-26,8.0,5.0,15.0,20.0,100.0,70.0,50.0,62.0,1.68,8.5,1.08,2026-07-09,1255,"in since 2026-06-26 (+0.6%): riding to z>=+1.5 (ride momentum), 5% stop"
45,XLK,XLK,107,11,popular,HOLDING (RIDE),31.2,185.86,79.3,52.8,0.36,0.81,0.44,True,False,True,False,31.3,above,183.91,184.79,at the band,1.5,z>=+1.5 (ride momentum),5.0,False,False,HOLDING,185.0,0.47,,,2026-06-08,21.0,5.0,15.0,20.0,100.0,70.0,56.0,73.2,8.83,7.7,1.53,2026-07-09,1255,"in since 2026-06-08 (+0.5%): riding to z>=+1.5 (ride momentum), 5% stop"
46,HBM,Hudbay Minerals,45,11,wsb,HOLDING (RIDE),29.0,21.38,47.9,37.4,-1.13,-14.18,0.41,True,False,False,False,-10.1,below,24.06,24.76,-1.1 sigma below band - pulling back toward band,0.0,z>=0 (quick bounce),5.0,False,False,HOLDING,21.29,0.42,,,2026-07-09,0.0,5.0,55.0,20.0,100.0,0.0,66.0,48.5,10.89,7.0,1.28,2026-07-09,1255,"in since 2026-07-09 (+0.4%): riding to z>=0 (quick bounce), 5% stop"
47,HD,HD,61,57,popular,HOLDING (RIDE),41.1,338.88,31.9,52.4,0.04,0.15,0.24,True,False,True,True,0.8,above,338.09,338.65,at the band,1.5,z>=+1.5 (ride momentum),5.0,False,False,HOLDING,337.76,0.33,,,2026-07-09,0.0,20.0,15.0,20.0,100.0,100.0,60.0,65.0,6.51,9.0,1.33,2026-07-09,1255,"in since 2026-07-09 (+0.3%): riding to z>=+1.5 (ride momentum), 5% stop"
48,XLY,XLY,111,7,popular,HOLDING (RIDE),29.4,116.71,55.4,50.5,0.23,0.32,0.51,True,False,False,True,5.5,above,116.15,116.52,at the band,0.5,z>=+0.5,5.0,False,False,HOLDING,116.4,0.26,,,2026-06-03,24.0,5.0,15.0,20.0,100.0,60.0,52.0,57.7,-2.95,10.1,0.87,2026-07-09,1255,"in since 2026-06-03 (+0.3%): riding to z>=+0.5, 5% stop"
49,MRVL,Marvell Technology Group,48,10,wsb,HOLDING (RIDE),31.0,247.03,69.9,47.9,-0.79,-7.74,0.28,True,False,True,False,115.9,below,259.11,273.2,-0.8 sigma below band - pulling back toward band,1.5,z>=+1.5 (ride momentum),5.0,False,False,HOLDING,246.52,0.21,,,2026-07-09,0.0,5.0,35.0,20.0,100.0,40.0,73.0,49.3,7.35,5.6,1.2,2026-07-09,1255,"in since 2026-07-09 (+0.2%): riding to z>=+1.5 (ride momentum), 5% stop"
50,LOW,LOW,62,56,popular,HOLDING (RIDE),50.9,213.66,19.1,43.3,-1.47,-2.72,0.27,True,False,False,True,-11.9,below,219.14,219.81,-1.5 sigma below band - pulling back toward band,0.0,z>=0 (quick bounce),5.0,False,False,HOLDING,213.32,0.16,,,2026-07-09,0.0,60.0,55.0,20.0,100.0,30.0,57.0,59.6,-2.32,9.0,0.9,2026-07-09,1255,"in since 2026-07-09 (+0.2%): riding to z>=0 (quick bounce), 5% stop"
51,LUNR,Intuitive Machines,51,10,wsb,HOLDING (RIDE),46.5,17.0,2.3,32.0,-1.35,-28.36,0.44,False,False,False,False,-27.3,below,21.6,22.05,-1.3 sigma below band - pulling back toward band,0.0,z>=0 (quick bounce),5.0,True,True,HOLDING,17.0,0.0,,,2026-07-09,0.0,100.0,55.0,14.0,0.0,0.0,65.0,36.9,-7.93,5.9,0.85,2026-07-09,1163,"in since 2026-07-09 (+0.0%): riding to z>=0 (quick bounce), 5% stop"
52,ORCL,ORCL,10,108,popular,HOLDING (RIDE),23.8,144.08,73.8,32.5,-0.87,-12.72,0.75,True,False,False,False,0.6,below,161.6,163.2,-0.9 sigma below band - pulling back toward band,0.5,z>=+0.5,5.0,False,False,HOLDING,144.3,-0.15,,,2026-07-06,3.0,5.0,35.0,20.0,100.0,0.0,63.0,52.4,10.09,8.7,1.31,2026-07-09,1255,"in since 2026-07-06 (-0.1%): riding to z>=+0.5, 5% stop"
53,ASTS,AST SpaceMobile,16,34,wsb,HOLDING (RIDE),29.3,73.58,12.9,42.6,-0.91,-10.1,0.3,False,False,False,False,-23.7,below,80.23,81.79,-0.9 sigma below band - pulling back toward band,0.0,z>=0 (quick bounce),5.0,False,False,HOLDING,73.76,-0.24,,,2026-07-08,1.0,60.0,35.0,14.0,0.0,0.0,83.0,30.1,5.09,5.0,1.1,2026-07-09,1255,"in since 2026-07-08 (-0.2%): riding to z>=0 (quick bounce), 5% stop"
54,GE,GE,74,44,popular,HOLDING (RIDE),41.1,359.73,33.1,56.6,0.16,0.7,0.34,True,True,True,True,16.9,above,356.03,358.37,at the band,1.5,z>=+1.5 (ride momentum),5.0,False,False,HOLDING,361.59,-0.51,,,2026-07-09,0.0,20.0,15.0,20.0,100.0,100.0,52.0,65.4,14.35,6.7,1.73,2026-07-09,1255,"in since 2026-07-09 (-0.5%): riding to z>=+1.5 (ride momentum), 5% stop"
55,RDW,Redwire,116,3,wsb,HOLDING (RIDE),33.5,10.65,44.4,38.9,-1.04,-18.78,0.27,True,True,False,False,10.8,below,12.62,12.67,-1.0 sigma below band - pulling back toward band,0.5,z>=+0.5,5.0,False,False,HOLDING,10.73,-0.79,,,2026-06-26,8.0,20.0,55.0,20.0,100.0,0.0,77.0,32.5,-16.91,5.5,0.71,2026-07-09,1255,"in since 2026-06-26 (-0.8%): riding to z>=+0.5, 5% stop"
56,TLT,TLT,117,1,popular,HOLDING (RIDE),38.9,84.57,36.4,40.6,-1.23,-1.26,0.5,True,False,False,True,-2.0,below,85.49,85.77,-1.2 sigma below band - pulling back toward band,0.0,z>=0 (quick bounce),5.0,False,False,HOLDING,85.38,-0.95,,,2026-07-02,4.0,20.0,55.0,20.0,100.0,30.0,55.0,61.8,-2.83,10.4,0.81,2026-07-09,1255,"in since 2026-07-02 (-0.9%): riding to z>=0 (quick bounce), 5% stop"
57,FOR,Forestar Group,54,9,wsb,HOLDING (RIDE),36.6,30.29,57.7,55.9,0.27,1.06,0.29,True,False,True,True,17.4,above,29.92,30.02,at the band,1.5,z>=+1.5 (ride momentum),5.0,False,False,HOLDING,30.63,-1.11,,,2026-07-07,2.0,5.0,15.0,20.0,100.0,100.0,63.0,54.0,8.6,8.4,1.31,2026-07-09,1255,"in since 2026-07-07 (-1.1%): riding to z>=+1.5 (ride momentum), 5% stop"
58,DIS,DIS,70,48,popular,HOLDING (RIDE),34.5,95.93,14.9,40.7,-1.29,-2.95,0.6,False,False,False,False,-2.5,below,98.6,98.92,-1.3 sigma below band - pulling back toward band,0.0,z>=0 (quick bounce),5.0,False,False,HOLDING,97.3,-1.41,,,2026-06-26,8.0,60.0,55.0,14.0,0.0,0.0,65.0,56.9,-4.96,9.6,0.81,2026-07-09,1255,"in since 2026-06-26 (-1.4%): riding to z>=0 (quick bounce), 5% stop"
59,F,F,88,30,popular,HOLDING (RIDE),23.8,13.72,68.9,45.7,-0.72,-2.15,0.49,True,False,False,False,14.1,below,13.99,14.04,-0.7 sigma below band - pulling back toward band,0.5,z>=+0.5,5.0,False,False,HOLDING,13.92,-1.44,,,2026-06-25,9.0,5.0,35.0,20.0,100.0,0.0,60.0,50.0,-7.73,8.8,0.75,2026-07-09,1255,"in since 2026-06-25 (-1.4%): riding to z>=+0.5, 5% stop"
60,GM,GM,89,29,popular,HOLDING (RIDE),23.8,76.81,64.3,44.2,-0.73,-2.19,0.21,True,True,False,False,0.1,below,78.22,78.75,-0.7 sigma below band - pulling back toward band,0.5,z>=+0.5,5.0,False,False,HOLDING,78.25,-1.85,,,2026-06-29,7.0,5.0,35.0,20.0,100.0,0.0,66.0,63.6,13.75,8.0,1.6,2026-07-09,1255,"in since 2026-06-29 (-1.9%): riding to z>=+0.5, 5% stop"
61,WMT,WMT,59,59,popular,HOLDING (RIDE),22.5,111.71,41.0,38.3,-1.02,-3.59,0.39,False,True,False,False,-12.1,below,115.36,116.09,-1.0 sigma below band - pulling back toward band,0.0,z>=0 (quick bounce),5.0,False,False,HOLDING,113.97,-1.98,,,2026-06-30,6.0,20.0,55.0,14.0,0.0,0.0,39.0,76.9,11.6,13.0,1.94,2026-07-09,1255,"in since 2026-06-30 (-2.0%): riding to z>=0 (quick bounce), 5% stop"
62,VZ,VZ,99,19,popular,HOLDING (RIDE),28.5,42.02,21.4,34.0,-1.22,-6.16,0.44,False,False,False,False,-11.2,below,44.34,44.88,-1.2 sigma below band - pulling back toward band,0.0,z>=0 (quick bounce),5.0,False,False,HOLDING,42.9,-2.05,,,2026-07-06,3.0,40.0,55.0,14.0,0.0,0.0,56.0,60.7,1.39,10.2,1.08,2026-07-09,1255,"in since 2026-07-06 (-2.0%): riding to z>=0 (quick bounce), 5% stop"
63,EWY,BlackRock Institutional Trust Company N.A. - iShares MSCI South Korea,36,15,wsb,HOLDING (RIDE),23.8,184.98,58.5,46.3,-0.77,-5.12,0.67,True,False,False,False,32.1,below,192.35,196.56,-0.8 sigma below band - pulling back toward band,0.5,z>=+0.5,5.0,False,False,HOLDING,189.99,-2.64,,,2026-07-06,3.0,5.0,35.0,20.0,100.0,0.0,56.0,58.9,5.43,9.5,1.26,2026-07-09,1255,"in since 2026-07-06 (-2.6%): riding to z>=+0.5, 5% stop"
64,RIOT,RIOT,94,24,popular,HOLDING (RIDE),29.0,21.59,46.1,36.4,-1.36,-17.17,0.53,True,False,False,False,34.0,below,24.79,25.81,-1.4 sigma below band - pulling back toward band,0.5,z>=+0.5,5.0,False,False,HOLDING,22.19,-2.73,,,2026-07-07,2.0,5.0,55.0,20.0,100.0,0.0,84.0,34.5,-9.38,5.1,0.84,2026-07-09,1255,"in since 2026-07-07 (-2.7%): riding to z>=+0.5, 5% stop"
65,NIO,NIO,91,27,popular,HOLDING (RIDE),33.7,4.8,21.7,39.5,-1.56,-4.74,0.67,False,False,False,False,-24.8,below,4.99,5.06,"-1.6 sigma below band - stretched, buy zone",0.0,z>=0 (quick bounce),5.0,True,True,HOLDING,4.96,-3.25,,,2026-06-17,14.0,40.0,75.0,14.0,0.0,0.0,94.0,38.3,1.5,5.5,1.03,2026-07-09,1255,"in since 2026-06-17 (-3.2%): riding to z>=0 (quick bounce), 5% stop"
66,COST,COST,60,58,popular,HOLDING (RIDE),51.1,909.83,9.2,34.1,-2.28,-4.95,1.13,False,False,False,False,-11.6,below,954.32,955.43,"-2.3 sigma below band - stretched, buy zone",0.0,z>=0 (quick bounce),5.0,True,True,HOLDING,948.57,-4.08,,,2026-06-22,12.0,85.0,90.0,14.0,0.0,0.0,49.0,67.3,3.79,8.9,1.21,2026-07-09,1255,"in since 2026-06-22 (-4.1%): riding to z>=0 (quick bounce), 5% stop"
67,CC,Chemours,57,8,wsb,HOLDING (RIDE),39.7,17.57,12.1,32.7,-1.94,-15.68,0.53,False,False,False,False,-17.7,below,20.17,20.47,"-1.9 sigma below band - stretched, buy zone",0.0,z>=0 (quick bounce),5.0,True,True,HOLDING,18.83,-6.72,,,2026-07-08,1.0,60.0,75.0,14.0,0.0,0.0,77.0,48.1,0.6,6.5,1.02,2026-07-09,1255,"in since 2026-07-08 (-6.7%): riding to z>=0 (quick bounce), 5% stop"
1,RTX,RTX,80,38,popular,CLOSE TO BUY,47.1,195.1,25.0,59.3,0.87,2.9,0.28,True,True,True,True,-3.7,above,189.1,189.81,+0.9 sigma above band - riding above support,0.5,z>=+0.5,5.0,False,False,FLAT,,,,,,,40.0,15.0,20.0,100.0,100.0,52.0,78.8,17.62,9.9,2.48,2026-07-09,1255,RSI-2 25 sliding into oversold -- waiting for the dip trigger
2,V,V,32,86,popular,CLOSE TO BUY,42.1,346.89,17.5,59.3,0.69,2.53,0.37,False,False,True,True,12.5,above,336.74,339.48,+0.7 sigma above band - riding above support,1.5,z>=+1.5 (ride momentum),5.0,False,False,FLAT,,,,,,,60.0,15.0,14.0,0.0,100.0,56.0,69.6,8.32,9.4,1.52,2026-07-09,1255,RSI-2 18 sliding into oversold -- waiting for the dip trigger
3,PG,PG,63,55,popular,CLOSE TO BUY,41.1,146.64,21.2,47.2,-1.29,-1.61,0.26,False,False,True,True,2.0,below,148.5,149.5,-1.3 sigma below band - pulling back toward band,1.5,z>=+1.5 (ride momentum),5.0,False,False,FLAT,,,,,,,40.0,55.0,14.0,0.0,70.0,48.0,68.8,4.97,10.1,1.36,2026-07-09,1255,RSI-2 21 sliding into oversold; -1.3 sigma below band -- waiting for the dip trigger
4,ABBV,ABBV,51,67,popular,CLOSE TO BUY,42.1,249.05,11.2,61.6,0.6,3.54,0.26,False,False,True,True,18.7,above,239.23,241.22,+0.6 sigma above band - riding above support,1.5,z>=+1.5 (ride momentum),5.0,False,False,FLAT,,,,,,,60.0,15.0,14.0,0.0,100.0,41.0,68.3,2.45,10.9,1.12,2026-07-09,1255,RSI-2 11 sliding into oversold -- waiting for the dip trigger
5,DE,DE,78,40,popular,CLOSE TO BUY,41.7,597.98,21.6,50.4,-0.11,-0.44,0.27,True,False,True,True,-1.6,below,600.17,601.03,at the band,0.5,z>=+0.5,5.0,False,False,FLAT,,,,,,,40.0,15.0,20.0,100.0,70.0,52.0,67.3,11.52,11.0,1.48,2026-07-09,1255,RSI-2 22 sliding into oversold -- waiting for the dip trigger
6,MA,MA,33,85,popular,CLOSE TO BUY,47.1,520.42,22.9,58.1,0.77,2.63,0.24,True,False,True,True,2.8,above,504.24,509.18,+0.8 sigma above band - riding above support,1.5,z>=+1.5 (ride momentum),5.0,False,False,FLAT,,,,,,,40.0,15.0,20.0,100.0,100.0,52.0,65.4,-0.14,9.2,0.99,2026-07-09,1255,RSI-2 23 sliding into oversold -- waiting for the dip trigger
7,AMGN,AMGN,57,61,popular,CLOSE TO BUY,42.1,363.19,18.1,58.5,0.71,2.05,0.22,False,False,True,True,4.6,above,355.14,356.32,+0.7 sigma above band - riding above support,1.5,z>=+1.5 (ride momentum),5.0,False,False,FLAT,,,,,,,60.0,15.0,14.0,0.0,100.0,52.0,65.4,4.86,10.6,1.27,2026-07-09,1255,RSI-2 18 sliding into oversold -- waiting for the dip trigger
8,ABT,ABT,54,64,popular,CLOSE TO BUY,42.1,94.12,19.1,57.4,0.81,2.39,0.2,False,True,True,True,-8.5,above,91.56,92.19,+0.8 sigma above band - riding above support,0.5,z>=+0.5,5.0,False,False,FLAT,,,,,,,60.0,15.0,14.0,0.0,100.0,58.0,63.8,0.92,9.4,1.04,2026-07-09,1255,RSI-2 19 sliding into oversold -- waiting for the dip trigger
9,LEVI,Levi Strauss,97,4,wsb,CLOSE TO BUY,48.9,24.2,11.2,55.5,0.34,0.71,1.94,False,False,True,True,11.6,above,23.99,24.07,at the band,1.5,z>=+1.5 (ride momentum),5.0,False,False,FLAT,,,,,,,60.0,15.0,56.0,0.0,100.0,58.0,53.4,4.75,8.3,1.17,2026-07-09,1255,RSI-2 11 sliding into oversold -- waiting for the dip trigger
1,RXT,Rackspace Technology,72,6,wsb,WATCH,63.3,4.53,7.5,40.8,-2.2,-35.8,1.85,False,False,False,True,366.6,below,6.01,6.3,"-2.2 sigma below band - stretched, buy zone",0.5,z>=+0.5,5.0,True,True,FLAT,,,,,,,85.0,90.0,56.0,0.0,30.0,98.0,37.8,2.13,4.8,1.04,2026-07-09,1255,"dip fired but weak edge (38% hist win): RSI-2 8 (oversold), -2.2 sigma below band, vol 1.9x"
2,PENG,Penguin Solutions,32,17,wsb,WATCH,42.3,86.99,89.9,66.3,2.92,22.98,1.56,True,True,True,True,293.2,above,66.84,67.14,+2.9 sigma above band - riding above support,1.5,z>=+1.5 (ride momentum),5.0,False,False,FLAT,,,,,,,5.0,0.0,80.0,100.0,100.0,66.0,53.0,13.19,7.3,1.36,2026-07-09,1255,no dip
3,LOVE,LoveSac,102,4,wsb,WATCH,41.1,16.92,31.2,54.5,0.47,3.6,0.31,True,True,True,True,8.9,above,16.15,16.47,at the band,1.5,z>=+1.5 (ride momentum),5.0,False,False,FLAT,,,,,,,20.0,15.0,20.0,100.0,100.0,91.0,41.8,4.8,5.8,1.11,2026-07-09,1255,no dip
4,DIA,DIA,105,13,popular,WATCH,41.1,524.52,42.6,60.5,0.78,1.07,0.31,True,True,True,True,9.9,above,518.77,519.04,+0.8 sigma above band - riding above support,1.5,z>=+1.5 (ride momentum),5.0,False,False,FLAT,,,,,,,20.0,15.0,20.0,100.0,100.0,50.0,80.0,6.41,10.2,1.65,2026-07-09,1255,no dip
5,PEP,PEP,65,53,popular,WATCH,39.9,138.51,12.9,41.9,-1.38,-2.71,1.04,False,False,False,True,-10.5,below,142.15,142.37,-1.4 sigma below band - pulling back toward band,0.0,z>=0 (quick bounce),5.0,False,False,FLAT,,,,,,,60.0,55.0,14.0,0.0,30.0,46.0,65.2,0.66,10.9,1.04,2026-07-09,1255,no dip
6,DTE,DTE Energy,9,65,wsb,WATCH,36.7,149.43,19.1,51.3,-0.07,-0.16,0.35,False,True,True,True,1.2,below,149.62,149.71,at the band,1.5,z>=+1.5 (ride momentum),5.0,False,False,FLAT,,,,,,,60.0,15.0,14.0,0.0,70.0,49.0,73.5,7.95,9.7,1.72,2026-07-09,1255,no dip
7,AMD,AMD,11,107,popular,WATCH,36.6,545.63,74.3,55.7,0.82,4.04,0.61,True,True,True,True,135.4,above,521.56,525.62,+0.8 sigma above band - riding above support,1.5,z>=+1.5 (ride momentum),5.0,False,False,FLAT,,,,,,,5.0,15.0,20.0,100.0,100.0,67.0,49.3,3.82,7.3,1.11,2026-07-09,1255,no dip
8,TXN,TXN,17,101,popular,WATCH,36.6,311.13,83.6,55.0,0.79,3.1,0.27,True,False,True,True,49.7,above,300.68,302.26,+0.8 sigma above band - riding above support,1.5,z>=+1.5 (ride momentum),5.0,False,False,FLAT,,,,,,,5.0,15.0,20.0,100.0,100.0,56.0,60.7,3.41,9.3,1.16,2026-07-09,1255,no dip
9,DHR,DHR,55,63,popular,WATCH,36.6,194.75,66.2,59.9,0.96,3.62,0.36,True,True,True,True,-0.5,above,187.07,188.31,+1.0 sigma above band - riding above support,0.5,z>=+0.5,5.0,False,False,FLAT,,,,,,,5.0,15.0,20.0,100.0,100.0,55.0,61.8,1.92,9.6,1.08,2026-07-09,1255,no dip
10,UPS,UPS,77,41,popular,WATCH,36.6,110.36,48.6,57.1,0.95,1.92,0.64,True,True,True,True,11.7,above,108.17,108.3,+1.0 sigma above band - riding above support,1.5,z>=+1.5 (ride momentum),5.0,False,False,FLAT,,,,,,,5.0,15.0,20.0,100.0,100.0,57.0,64.9,5.19,9.6,1.27,2026-07-09,1255,no dip
11,UBER,UBER,24,94,popular,WATCH,36.6,74.1,62.4,53.1,0.67,1.91,0.26,True,True,True,True,2.4,above,72.41,72.96,+0.7 sigma above band - riding above support,1.5,z>=+1.5 (ride momentum),5.0,False,False,FLAT,,,,,,,5.0,15.0,20.0,100.0,100.0,68.0,54.4,0.17,7.1,1.01,2026-07-09,1255,no dip
12,PANW,PANW,29,89,popular,WATCH,36.6,335.5,55.3,63.3,0.9,8.0,0.63,True,False,True,True,93.1,above,307.02,310.29,+0.9 sigma above band - riding above support,1.5,z>=+1.5 (ride momentum),5.0,False,False,FLAT,,,,,,,5.0,15.0,20.0,100.0,100.0,57.0,56.1,8.26,8.0,1.27,2026-07-09,1255,no dip
13,C,C,38,80,popular,WATCH,36.6,139.57,51.5,52.6,-0.26,-0.56,0.4,True,False,True,True,13.6,inside,139.35,141.37,at the band,1.5,z>=+1.5 (ride momentum),5.0,False,False,FLAT,,,,,,,5.0,15.0,20.0,100.0,100.0,56.0,62.5,12.13,9.3,1.61,2026-07-09,1255,no dip
14,AXP,AXP,39,79,popular,WATCH,36.6,346.54,57.7,59.1,0.81,2.47,0.44,True,True,True,True,9.8,above,337.61,338.35,+0.8 sigma above band - riding above support,1.5,z>=+1.5 (ride momentum),5.0,False,False,FLAT,,,,,,,5.0,15.0,20.0,100.0,100.0,54.0,63.0,8.94,8.6,1.39,2026-07-09,1255,no dip
15,ASML,ASML,82,5,wsb,WATCH,36.6,1822.42,71.9,52.7,0.07,0.27,0.49,True,False,True,True,28.5,inside,1797.72,1837.29,at the band,1.5,z>=+1.5 (ride momentum),5.0,False,False,FLAT,,,,,,,5.0,15.0,20.0,100.0,100.0,57.0,50.9,5.77,7.9,1.2,2026-07-09,1255,no dip
16,BB,BlackBerry,41,13,wsb,WATCH,36.6,11.44,67.5,62.9,0.72,9.43,0.53,True,False,True,True,223.9,above,10.27,10.44,+0.7 sigma above band - riding above support,1.5,z>=+1.5 (ride momentum),5.0,False,False,FLAT,,,,,,,5.0,15.0,20.0,100.0,100.0,71.0,46.5,-2.31,7.0,0.94,2026-07-09,1255,no dip
17,AIR,AAR,118,2,wsb,WATCH,36.6,138.24,60.2,58.9,0.59,2.81,0.29,True,False,True,True,14.5,above,133.6,135.12,+0.6 sigma above band - riding above support,1.5,z>=+1.5 (ride momentum),5.0,False,False,FLAT,,,,,,,5.0,15.0,20.0,100.0,100.0,49.0,61.2,10.58,9.8,1.4,2026-07-09,1255,no dip
18,ARKK,ARKK,114,4,popular,WATCH,36.6,81.78,63.0,56.9,0.94,3.06,0.43,True,False,True,True,16.2,above,78.97,79.58,+0.9 sigma above band - riding above support,1.5,z>=+1.5 (ride momentum),5.0,False,False,FLAT,,,,,,,5.0,15.0,20.0,100.0,100.0,80.0,51.2,-4.38,6.0,0.88,2026-07-09,1255,no dip
19,RBLX,RBLX,97,21,popular,WATCH,36.6,55.78,49.9,60.9,0.94,8.74,0.25,True,False,True,True,0.6,above,50.29,51.51,+0.9 sigma above band - riding above support,1.5,z>=+1.5 (ride momentum),5.0,False,False,FLAT,,,,,,,5.0,15.0,20.0,100.0,100.0,77.0,40.3,6.63,5.7,1.14,2026-07-09,1255,no dip
20,ABNB,ABNB,96,22,popular,WATCH,36.6,146.43,56.1,57.0,0.72,2.83,0.32,True,True,True,True,11.4,above,141.88,142.67,+0.7 sigma above band - riding above support,1.5,z>=+1.5 (ride momentum),5.0,False,False,FLAT,,,,,,,5.0,15.0,20.0,100.0,100.0,65.0,52.3,-2.77,8.3,0.93,2026-07-09,1255,no dip
21,YOU,CLEAR Secure,34,16,wsb,WATCH,36.6,56.27,68.3,55.5,0.99,3.73,0.19,True,False,True,True,11.9,above,53.57,54.77,+1.0 sigma above band - riding above support,1.5,z>=+1.5 (ride momentum),5.0,False,False,FLAT,,,,,,,5.0,15.0,20.0,100.0,100.0,76.0,51.3,11.93,5.8,1.33,2026-07-09,1255,no dip
22,TSM,TSMC,91,4,wsb,WATCH,36.6,438.68,50.5,51.1,-0.02,-0.08,0.51,True,False,True,True,20.2,inside,438.22,439.88,at the band,1.5,z>=+1.5 (ride momentum),5.0,False,False,FLAT,,,,,,,5.0,15.0,20.0,100.0,100.0,54.0,59.3,10.81,8.6,1.4,2026-07-09,1255,no dip
23,IBM,IBM,19,99,popular,WATCH,36.1,294.4,26.1,59.7,0.99,5.48,0.48,False,True,True,True,22.7,above,275.88,280.68,+1.0 sigma above band - riding above support,1.5,z>=+1.5 (ride momentum),5.0,False,False,FLAT,,,,,,,40.0,15.0,14.0,0.0,100.0,48.0,62.5,1.7,11.4,1.09,2026-07-09,1255,no dip
24,BA,BA,75,43,popular,WATCH,36.1,224.19,24.7,51.6,0.29,0.8,0.3,False,True,True,True,2.9,above,221.96,222.81,at the band,1.5,z>=+1.5 (ride momentum),5.0,False,False,FLAT,,,,,,,40.0,15.0,14.0,0.0,100.0,65.0,52.3,-5.33,8.1,0.84,2026-07-09,1255,no dip
25,KO,KO,64,54,popular,WATCH,36.1,82.61,26.5,55.6,0.64,1.15,0.38,False,False,True,True,7.6,above,81.66,81.68,+0.6 sigma above band - riding above support,1.5,z>=+1.5 (ride momentum),5.0,False,False,FLAT,,,,,,,40.0,15.0,14.0,0.0,100.0,48.0,75.0,8.18,11.0,1.61,2026-07-09,1255,no dip
26,SO,Southern Company,107,3,wsb,WATCH,36.1,95.42,23.1,51.8,0.15,0.25,0.31,False,False,True,True,-1.0,above,95.14,95.22,at the band,0.5,z>=+0.5,5.0,False,False,FLAT,,,,,,,40.0,15.0,14.0,0.0,100.0,44.0,68.2,6.4,9.5,1.54,2026-07-09,1255,no dip
27,MRK,MRK,50,68,popular,WATCH,36.1,125.16,23.0,55.6,0.43,1.93,0.31,False,False,True,True,2.3,above,122.26,123.23,at the band,1.5,z>=+1.5 (ride momentum),5.0,False,False,FLAT,,,,,,,40.0,15.0,14.0,0.0,100.0,54.0,70.4,10.21,9.4,1.62,2026-07-09,1255,no dip
28,CAT,CAT,73,45,popular,WATCH,35.7,949.22,36.8,49.2,-0.34,-1.85,0.34,True,False,True,True,23.3,below,963.56,970.07,at the band,1.5,z>=+1.5 (ride momentum),5.0,False,False,FLAT,,,,,,,20.0,15.0,20.0,100.0,70.0,53.0,62.3,7.32,8.3,1.31,2026-07-09,1255,no dip
29,COIN,COIN,45,73,popular,WATCH,33.9,160.28,38.3,47.5,-0.01,-0.07,0.38,True,True,False,True,-8.5,inside,159.03,161.75,at the band,0.0,z>=0 (quick bounce),5.0,False,False,FLAT,,,,,,,20.0,15.0,20.0,100.0,60.0,83.0,33.7,-9.48,5.8,0.82,2026-07-09,1255,no dip
30,HON,HON,76,42,popular,WATCH,33.5,222.21,38.1,42.5,-1.05,-3.93,0.23,True,True,False,False,-8.4,below,230.15,231.75,-1.0 sigma below band - pulling back toward band,0.0,z>=0 (quick bounce),5.0,False,False,FLAT,,,,,,,20.0,55.0,20.0,100.0,0.0,61.0,65.6,2.27,8.8,1.14,2026-07-09,1255,no dip
31,SNOW,SNOW,30,88,popular,WATCH,32.7,265.46,86.2,70.0,1.48,7.78,0.32,True,False,True,True,77.0,above,244.8,244.85,+1.5 sigma above band - riding above support,1.5,z>=+1.5 (ride momentum),5.0,False,False,FLAT,,,,,,,5.0,0.0,20.0,100.0,100.0,74.0,50.0,6.99,6.7,1.18,2026-07-09,1255,no dip
32,JPM,JPM,31,87,popular,WATCH,32.7,335.82,59.5,61.2,1.01,2.48,0.36,True,True,True,True,9.5,above,326.92,328.05,+1.0 sigma above band - riding above support,1.5,z>=+1.5 (ride momentum),5.0,False,False,FLAT,,,,,,,5.0,0.0,20.0,100.0,100.0,48.0,64.6,9.01,10.4,1.46,2026-07-09,1255,no dip
33,ANET,Arista Networks,120,2,wsb,WATCH,32.7,184.87,85.1,61.9,2.27,9.71,0.82,True,True,True,True,27.4,above,166.54,167.3,+2.3 sigma above band - riding above support,1.5,z>=+1.5 (ride momentum),5.0,False,False,FLAT,,,,,,,5.0,0.0,20.0,100.0,100.0,56.0,51.8,18.3,7.6,1.54,2026-07-09,1255,no dip
34,SLS,Sellas Life Sciences,115,3,wsb,WATCH,32.7,14.68,80.0,67.9,1.1,23.31,0.37,True,True,True,True,202.0,above,10.89,11.62,+1.1 sigma above band - riding above support,1.5,z>=+1.5 (ride momentum),5.0,False,False,FLAT,,,,,,,5.0,0.0,20.0,100.0,100.0,84.0,33.3,-1.93,5.4,0.96,2026-07-09,1255,no dip
35,DELL,Dell,110,3,wsb,WATCH,32.7,457.43,94.3,65.4,2.47,10.24,0.7,True,True,True,True,147.4,above,407.54,413.62,+2.5 sigma above band - riding above support,1.5,z>=+1.5 (ride momentum),5.0,False,False,FLAT,,,,,,,5.0,0.0,20.0,100.0,100.0,59.0,67.8,28.67,8.6,2.13,2026-07-09,1255,no dip
36,ES,Eversource Energy,92,4,wsb,WATCH,32.7,74.12,56.6,61.2,1.1,3.18,0.28,True,True,True,True,7.2,above,71.55,71.97,+1.1 sigma above band - riding above support,1.5,z>=+1.5 (ride momentum),5.0,False,False,FLAT,,,,,,,5.0,0.0,20.0,100.0,100.0,53.0,64.2,3.7,9.5,1.2,2026-07-09,1255,no dip
37,GRPN,Groupon,58,8,wsb,WATCH,32.7,26.35,62.1,71.7,1.12,18.11,0.3,True,True,True,True,120.2,above,20.96,22.21,+1.1 sigma above band - riding above support,1.5,z>=+1.5 (ride momentum),5.0,False,False,FLAT,,,,,,,5.0,0.0,20.0,100.0,100.0,89.0,34.8,18.16,4.8,1.37,2026-07-09,1255,no dip
38,OPEN,Opendoor,37,15,wsb,WATCH,32.7,5.21,85.5,62.0,1.95,10.57,1.14,True,False,True,True,12.3,above,4.6,4.72,+1.9 sigma above band - riding above support,1.5,z>=+1.5 (ride momentum),5.0,False,False,FLAT,,,,,,,5.0,0.0,20.0,100.0,100.0,95.0,31.6,-1.77,5.4,0.97,2026-07-09,1255,no dip
39,BULL,Webull,67,7,wsb,WATCH,32.7,7.32,85.2,60.3,1.37,6.04,0.42,True,True,True,True,44.0,above,6.87,6.88,+1.4 sigma above band - riding above support,1.5,z>=+1.5 (ride momentum),5.0,False,False,FLAT,,,,,,,5.0,0.0,20.0,100.0,100.0,36.0,47.2,-4.09,7.3,0.88,2026-07-09,973,no dip
40,RDDT,Reddit,60,8,wsb,WATCH,32.7,198.48,64.5,62.2,1.31,9.51,0.3,True,False,True,True,36.9,above,178.1,181.1,+1.3 sigma above band - riding above support,1.5,z>=+1.5 (ride momentum),5.0,False,False,FLAT,,,,,,,5.0,0.0,20.0,100.0,100.0,28.0,42.9,2.97,5.2,1.06,2026-07-09,576,no dip
41,RIVN,RIVN,90,28,popular,WATCH,32.7,18.18,67.5,56.9,1.13,8.76,1.17,True,True,True,True,20.1,above,16.45,16.73,+1.1 sigma above band - riding above support,1.5,z>=+1.5 (ride momentum),5.0,False,False,FLAT,,,,,,,5.0,0.0,20.0,100.0,100.0,82.0,43.9,8.38,5.0,1.21,2026-07-09,1168,no dip
42,XLF,XLF,108,10,popular,WATCH,32.7,55.58,57.4,65.4,1.33,2.69,0.45,True,True,True,True,8.9,above,54.06,54.1,+1.3 sigma above band - riding above support,1.5,z>=+1.5 (ride momentum),5.0,False,False,FLAT,,,,,,,5.0,0.0,20.0,100.0,100.0,48.0,64.6,5.46,10.6,1.38,2026-07-09,1255,no dip
43,SBUX,SBUX,67,51,popular,WATCH,32.7,107.04,92.5,63.3,2.31,4.15,0.47,True,True,True,True,10.8,above,102.54,102.66,+2.3 sigma above band - riding above support,1.5,z>=+1.5 (ride momentum),5.0,False,False,FLAT,,,,,,,5.0,0.0,20.0,100.0,100.0,61.0,63.9,4.88,8.5,1.23,2026-07-09,1255,no dip
44,GO,Grocery Outlet,70,6,wsb,WATCH,32.7,10.27,62.5,65.9,1.4,5.11,0.24,True,True,True,True,44.6,above,9.7,9.79,+1.4 sigma above band - riding above support,1.5,z>=+1.5 (ride momentum),5.0,False,False,FLAT,,,,,,,5.0,0.0,20.0,100.0,100.0,68.0,44.1,-9.18,8.2,0.78,2026-07-09,1255,no dip
45,BMY,BMY,56,62,popular,WATCH,32.7,57.72,59.7,55.4,1.02,2.54,0.23,True,True,True,True,-1.4,above,56.02,56.48,+1.0 sigma above band - riding above support,0.5,z>=+0.5,5.0,False,False,FLAT,,,,,,,5.0,0.0,20.0,100.0,100.0,61.0,67.2,4.6,9.2,1.24,2026-07-09,1255,no dip
46,SCHW,SCHW,40,78,popular,WATCH,32.7,102.58,93.9,73.1,1.81,7.94,0.24,True,True,True,True,6.5,above,93.95,94.93,+1.8 sigma above band - riding above support,1.5,z>=+1.5 (ride momentum),5.0,False,False,FLAT,,,,,,,5.0,0.0,20.0,100.0,100.0,61.0,67.2,10.64,8.3,1.48,2026-07-09,1255,no dip
47,HOOD,HOOD,46,72,popular,WATCH,32.7,116.49,78.7,66.5,1.52,11.46,0.4,True,True,True,True,62.2,above,103.11,103.16,+1.5 sigma above band - riding above support,1.5,z>=+1.5 (ride momentum),5.0,False,False,FLAT,,,,,,,5.0,0.0,20.0,100.0,100.0,68.0,42.6,-0.91,6.0,0.98,2026-07-09,1241,no dip
48,PYPL,PYPL,43,75,popular,WATCH,32.7,45.12,57.7,56.2,1.02,3.4,0.26,True,True,True,True,-1.6,above,43.24,43.93,+1.0 sigma above band - riding above support,0.5,z>=+0.5,5.0,False,False,FLAT,,,,,,,5.0,0.0,20.0,100.0,100.0,74.0,51.4,-1.36,7.8,0.96,2026-07-09,1255,no dip
49,SOFI,SOFI,44,74,popular,WATCH,32.7,18.39,75.0,57.7,1.12,4.22,0.58,True,False,True,True,11.5,above,17.57,17.66,+1.1 sigma above band - riding above support,1.5,z>=+1.5 (ride momentum),5.0,False,False,FLAT,,,,,,,5.0,0.0,20.0,100.0,100.0,75.0,48.0,18.12,6.3,1.49,2026-07-09,1255,no dip
50,META,META,7,111,popular,WATCH,32.7,615.52,71.1,56.8,1.4,5.11,0.8,True,True,True,True,0.6,above,578.82,589.33,+1.4 sigma above band - riding above support,1.5,z>=+1.5 (ride momentum),5.0,False,False,FLAT,,,,,,,5.0,0.0,20.0,100.0,100.0,67.0,58.2,13.44,6.4,1.5,2026-07-09,1255,no dip
51,AAPL,AAPL,1,117,popular,WATCH,32.7,314.56,88.4,62.9,1.49,5.08,0.44,True,True,True,True,21.6,above,296.83,300.3,+1.5 sigma above band - riding above support,1.5,z>=+1.5 (ride momentum),5.0,False,False,FLAT,,,,,,,5.0,0.0,20.0,100.0,100.0,56.0,58.9,4.01,8.6,1.17,2026-07-09,1255,no dip
52,SHOP,SHOP,25,93,popular,WATCH,32.7,121.97,70.3,59.3,1.37,5.83,0.34,True,True,True,True,1.6,above,114.03,115.68,+1.4 sigma above band - riding above support,1.5,z>=+1.5 (ride momentum),5.0,False,False,FLAT,,,,,,,5.0,0.0,20.0,100.0,100.0,78.0,51.3,18.76,6.2,1.53,2026-07-09,1255,no dip
53,BAC,BAC,34,84,popular,WATCH,32.7,59.37,61.4,65.4,1.35,3.35,0.3,True,True,True,True,14.4,above,57.28,57.48,+1.4 sigma above band - riding above support,1.5,z>=+1.5 (ride momentum),5.0,False,False,FLAT,,,,,,,5.0,0.0,20.0,100.0,100.0,56.0,62.5,4.99,9.4,1.21,2026-07-09,1255,no dip
54,WFC,WFC,35,83,popular,WATCH,32.7,87.28,69.0,62.9,1.8,3.44,0.33,True,False,True,True,3.7,above,84.14,84.41,+1.8 sigma above band - riding above support,1.5,z>=+1.5 (ride momentum),5.0,False,False,FLAT,,,,,,,5.0,0.0,20.0,100.0,100.0,60.0,65.0,13.01,7.4,1.59,2026-07-09,1255,no dip
55,GL,Globe Life,78,5,wsb,WATCH,32.7,179.52,85.0,72.8,1.12,3.47,0.32,True,True,True,True,21.6,above,172.82,173.78,+1.1 sigma above band - riding above support,1.5,z>=+1.5 (ride momentum),5.0,False,False,FLAT,,,,,,,5.0,0.0,20.0,100.0,100.0,48.0,79.2,12.72,8.9,1.7,2026-07-09,1255,no dip
56,UNH,UNH,48,70,popular,WATCH,32.7,430.42,76.3,64.4,1.61,3.8,0.43,True,False,True,True,41.5,above,413.68,414.42,+1.6 sigma above band - riding above support,1.5,z>=+1.5 (ride momentum),5.0,False,False,FLAT,,,,,,,5.0,0.0,20.0,100.0,100.0,56.0,62.5,-1.77,8.7,0.93,2026-07-09,1255,no dip
57,TMO,TMO,53,65,popular,WATCH,32.7,521.25,73.7,63.2,1.17,4.98,0.31,True,False,True,True,3.6,above,492.64,497.95,+1.2 sigma above band - riding above support,1.5,z>=+1.5 (ride momentum),5.0,False,False,FLAT,,,,,,,5.0,0.0,20.0,100.0,100.0,58.0,55.2,-3.14,10.2,0.89,2026-07-09,1255,no dip
58,CMG,CMG,71,47,popular,WATCH,32.7,34.4,64.2,57.9,1.03,4.34,0.43,True,True,True,True,1.8,above,32.8,33.03,+1.0 sigma above band - riding above support,1.5,z>=+1.5 (ride momentum),5.0,False,False,FLAT,,,,,,,5.0,0.0,20.0,100.0,100.0,64.0,54.7,-6.98,7.1,0.77,2026-07-09,1255,no dip
59,SOXX,SOXX,113,5,popular,WATCH,31.2,587.31,75.0,51.1,-0.16,-0.81,0.65,True,False,True,False,58.6,inside,586.01,598.07,at the band,1.5,z>=+1.5 (ride momentum),5.0,False,False,FLAT,,,,,,,5.0,15.0,20.0,100.0,70.0,59.0,64.4,14.46,7.8,1.63,2026-07-09,1255,no dip
60,TQQQ,ProShares Trust - ProShares UltraPro QQQ,101,4,wsb,WATCH,31.2,76.42,75.6,50.6,0.03,0.14,0.58,True,True,True,False,59.6,inside,76.11,76.5,at the band,1.5,z>=+1.5 (ride momentum),5.0,False,False,FLAT,,,,,,,5.0,15.0,20.0,100.0,70.0,73.0,46.6,12.55,5.8,1.29,2026-07-09,1255,no dip
61,SMH,SMH,112,6,popular,WATCH,31.2,611.5,75.2,51.1,-0.14,-0.59,0.55,True,False,True,False,44.6,inside,610.37,619.83,at the band,1.5,z>=+1.5 (ride momentum),5.0,False,False,FLAT,,,,,,,5.0,15.0,20.0,100.0,70.0,54.0,68.5,19.13,8.3,1.95,2026-07-09,1255,no dip
62,XLV,XLV,110,8,popular,WATCH,30.1,161.82,34.3,63.4,0.99,3.14,0.65,False,False,True,True,8.6,above,156.34,157.16,+1.0 sigma above band - riding above support,1.5,z>=+1.5 (ride momentum),5.0,False,False,FLAT,,,,,,,20.0,15.0,14.0,0.0,100.0,45.0,66.7,3.16,11.8,1.32,2026-07-09,1255,no dip
63,JNJ,JNJ,49,69,popular,WATCH,30.1,259.77,30.1,63.1,0.95,4.49,0.35,False,True,True,True,8.3,above,247.06,249.14,+1.0 sigma above band - riding above support,1.5,z>=+1.5 (ride momentum),5.0,False,False,FLAT,,,,,,,20.0,15.0,14.0,0.0,100.0,45.0,71.1,4.11,11.5,1.31,2026-07-09,1255,no dip
64,CRM,CRM,14,104,popular,WATCH,29.5,162.31,19.2,46.1,-0.03,-0.12,0.49,False,False,False,False,-7.5,inside,160.44,164.59,at the band,0.0,z>=0 (quick bounce),5.0,False,False,FLAT,,,,,,,60.0,15.0,14.0,0.0,30.0,63.0,50.8,-1.86,8.4,0.95,2026-07-09,1255,no dip
65,LMT,LMT,79,39,popular,WATCH,29.5,518.32,12.0,47.9,-0.2,-0.66,0.38,False,False,False,True,-17.5,below,521.19,522.25,at the band,0.0,z>=0 (quick bounce),5.0,False,False,FLAT,,,,,,,60.0,15.0,14.0,0.0,30.0,48.0,68.8,4.87,11.0,1.27,2026-07-09,1255,no dip
66,BLK,BLK,41,77,popular,WATCH,29.4,1019.97,76.5,52.4,0.38,1.23,0.5,True,True,False,True,1.8,above,1006.51,1008.35,at the band,0.5,z>=+0.5,5.0,False,False,FLAT,,,,,,,5.0,15.0,20.0,100.0,60.0,57.0,56.1,-4.51,9.6,0.82,2026-07-09,1255,no dip
67,AVAV,AeroVironment,109,3,wsb,WATCH,29.3,151.51,11.4,43.3,-0.75,-7.73,0.68,False,False,False,False,-19.0,below,161.79,164.65,-0.8 sigma below band - pulling back toward band,0.0,z>=0 (quick bounce),5.0,False,False,FLAT,,,,,,,60.0,35.0,14.0,0.0,0.0,69.0,50.7,4.67,7.3,1.13,2026-07-09,1255,no dip
68,IQ,iQIYI,56,8,wsb,WATCH,27.3,1.12,82.9,57.1,2.43,7.23,0.68,True,True,True,False,-15.8,above,1.03,1.05,+2.4 sigma above band - riding above support,0.5,z>=+0.5,5.0,False,False,FLAT,,,,,,,5.0,0.0,20.0,100.0,70.0,91.0,33.0,-15.34,5.3,0.73,2026-07-09,1255,no dip
69,HPE,Hewlett Packard Enterprise,79,5,wsb,WATCH,27.3,49.01,96.0,60.8,1.4,6.83,0.48,True,True,True,False,96.8,above,45.1,46.22,+1.4 sigma above band - riding above support,1.5,z>=+1.5 (ride momentum),5.0,False,False,FLAT,,,,,,,5.0,0.0,20.0,100.0,70.0,59.0,59.3,5.17,9.4,1.18,2026-07-09,1255,no dip
70,ALL,Allstate,27,18,wsb,WATCH,26.2,249.42,39.5,70.2,1.19,5.7,0.39,False,False,True,True,17.6,above,234.22,236.19,+1.2 sigma above band - riding above support,1.5,z>=+1.5 (ride momentum),5.0,False,False,FLAT,,,,,,,20.0,0.0,14.0,0.0,100.0,52.0,73.1,14.87,8.8,2.12,2026-07-09,1255,no dip
71,SPGI,SPGI,42,76,popular,WATCH,26.2,430.33,30.8,61.3,1.03,5.54,0.27,False,True,True,True,4.3,above,403.46,409.57,+1.0 sigma above band - riding above support,1.5,z>=+1.5 (ride momentum),5.0,False,False,FLAT,,,,,,,20.0,0.0,14.0,0.0,100.0,54.0,63.0,3.67,9.4,1.17,2026-07-09,1255,no dip
72,LLY,LLY,47,71,popular,WATCH,26.2,1214.44,44.0,63.3,1.04,4.14,0.34,False,True,True,True,27.6,above,1162.79,1165.57,+1.0 sigma above band - riding above support,1.5,z>=+1.5 (ride momentum),5.0,False,False,FLAT,,,,,,,20.0,0.0,14.0,0.0,100.0,51.0,62.7,14.18,8.7,1.63,2026-07-09,1255,no dip
73,ARM,ARM,28,90,popular,WATCH,25.8,332.73,81.6,49.6,-0.35,-4.3,0.51,True,False,True,False,123.4,below,338.09,355.97,at the band,1.5,z>=+1.5 (ride momentum),5.0,False,False,FLAT,,,,,,,5.0,15.0,20.0,100.0,40.0,36.0,55.6,30.87,5.8,1.88,2026-07-09,706,no dip
74,DJT,Trump Media & Technology Group,89,5,wsb,WATCH,25.6,8.48,63.5,53.4,0.87,4.47,0.58,False,True,True,True,-11.3,above,8.03,8.18,+0.9 sigma above band - riding above support,0.5,z>=+0.5,5.0,False,False,FLAT,,,,,,,5.0,15.0,14.0,0.0,100.0,92.0,40.2,3.35,5.4,1.07,2026-07-09,1197,no dip
75,NOW,NOW,23,95,popular,WATCH,24.7,107.71,43.1,55.2,0.88,4.89,0.42,False,True,True,False,10.5,above,101.17,103.71,+0.9 sigma above band - riding above support,1.5,z>=+1.5 (ride momentum),5.0,False,False,FLAT,,,,,,,20.0,15.0,14.0,0.0,70.0,67.0,55.2,12.19,8.1,1.42,2026-07-09,1255,no dip
76,LOT,Lotus Technology,105,4,wsb,WATCH,24.1,1.16,14.1,45.2,-0.38,-1.83,0.76,False,True,False,False,-7.9,below,1.17,1.19,at the band,0.0,z>=0 (quick bounce),5.0,False,False,FLAT,,,,,,,60.0,15.0,14.0,0.0,0.0,65.0,43.1,7.67,6.8,1.21,2026-07-09,1255,no dip
77,NKE,NKE,68,50,popular,WATCH,24.1,42.61,18.7,46.2,-0.38,-1.37,0.27,False,False,False,False,-1.2,below,43.13,43.26,at the band,0.0,z>=0 (quick bounce),5.0,False,False,FLAT,,,,,,,60.0,15.0,14.0,0.0,0.0,68.0,48.5,-15.86,7.6,0.52,2026-07-09,1255,no dip
78,MSFT,MSFT,2,116,popular,WATCH,24.1,380.68,19.2,45.3,-0.25,-0.79,0.35,False,False,False,False,1.9,below,380.94,386.41,at the band,0.5,z>=+0.5,5.0,False,False,FLAT,,,,,,,60.0,15.0,14.0,0.0,0.0,53.0,69.8,9.35,8.8,1.56,2026-07-09,1255,no dip
79,GOOGL,GOOGL,5,113,popular,WATCH,24.1,356.98,14.3,47.0,-0.22,-0.59,0.43,False,False,False,False,12.6,below,357.75,360.4,at the band,0.5,z>=+0.5,5.0,False,False,FLAT,,,,,,,60.0,15.0,14.0,0.0,0.0,56.0,62.5,12.12,8.2,1.55,2026-07-09,1255,no dip
80,GOOG,GOOG,6,112,popular,WATCH,24.1,353.85,15.2,46.7,-0.31,-0.81,0.39,False,False,False,False,12.5,below,355.62,357.84,at the band,0.5,z>=+0.5,5.0,False,False,FLAT,,,,,,,60.0,15.0,14.0,0.0,0.0,57.0,63.2,12.45,8.5,1.54,2026-07-09,1255,no dip
81,TSLA,TSLA,8,110,popular,WATCH,24.0,406.78,60.9,50.9,0.35,1.3,0.53,True,False,False,False,18.5,above,399.58,403.44,at the band,0.5,z>=+0.5,5.0,False,False,FLAT,,,,,,,5.0,15.0,20.0,100.0,30.0,78.0,43.6,-1.18,5.9,0.97,2026-07-09,1255,no dip
82,TMUS,TMUS,100,18,popular,WATCH,24.0,180.61,47.1,48.5,-0.1,-0.29,0.27,True,True,False,True,-8.1,below,180.98,181.29,at the band,0.0,z>=0 (quick bounce),5.0,False,False,FLAT,,,,,,,5.0,15.0,20.0,100.0,30.0,52.0,67.3,8.73,9.7,1.51,2026-07-09,1255,no dip
83,LULU,LULU,72,46,popular,WATCH,24.0,116.13,68.7,47.1,0.12,0.39,0.33,True,False,False,False,-26.9,inside,114.78,116.58,at the band,0.0,z>=0 (quick bounce),5.0,False,False,FLAT,,,,,,,5.0,15.0,20.0,100.0,30.0,75.0,46.7,-15.13,7.7,0.62,2026-07-09,1255,no dip
84,AMZN,AMZN,4,114,popular,WATCH,24.0,244.78,62.6,50.6,0.62,1.37,0.33,True,True,False,False,10.6,above,239.71,243.15,+0.6 sigma above band - riding above support,0.5,z>=+0.5,5.0,False,False,FLAT,,,,,,,5.0,15.0,20.0,100.0,30.0,63.0,60.3,2.94,7.6,1.1,2026-07-09,1255,no dip
85,BE,Bloom Energy,29,18,wsb,WATCH,23.8,263.99,45.7,46.6,-0.63,-7.17,0.49,True,False,False,False,79.9,below,281.39,284.44,-0.6 sigma below band - pulling back toward band,0.5,z>=+0.5,5.0,False,False,FLAT,,,,,,,5.0,35.0,20.0,100.0,0.0,84.0,44.0,17.0,5.3,1.37,2026-07-09,1255,no dip
86,PFE,PFE,52,66,popular,WATCH,23.8,24.25,76.8,42.6,-0.51,-1.88,0.31,True,True,False,False,-10.2,below,24.64,24.78,-0.5 sigma below band - pulling back toward band,0.0,z>=0 (quick bounce),5.0,False,False,FLAT,,,,,,,5.0,35.0,20.0,100.0,0.0,56.0,57.1,-7.24,10.1,0.71,2026-07-09,1255,no dip
87,PLTR,PLTR,26,92,popular,WATCH,23.5,128.01,21.2,49.3,0.2,1.31,0.58,False,True,False,False,-9.1,above,125.04,127.62,at the band,0.0,z>=0 (quick bounce),5.0,False,False,FLAT,,,,,,,40.0,15.0,14.0,0.0,30.0,71.0,52.1,29.98,6.3,1.77,2026-07-09,1255,no dip
88,MCD,MCD,66,52,popular,WATCH,23.5,275.78,23.7,48.0,-0.16,-0.41,0.4,False,False,False,True,-10.2,below,276.75,277.09,at the band,0.0,z>=0 (quick bounce),5.0,False,False,FLAT,,,,,,,40.0,15.0,14.0,0.0,30.0,50.0,72.0,2.94,10.7,1.22,2026-07-09,1255,no dip
89,GILD,GILD,58,60,popular,WATCH,21.7,134.04,47.1,59.6,1.39,4.35,0.3,False,False,True,True,-4.7,above,127.19,129.23,+1.4 sigma above band - riding above support,0.5,z>=+0.5,5.0,False,False,FLAT,,,,,,,5.0,0.0,14.0,0.0,100.0,48.0,70.8,9.66,11.3,1.66,2026-07-09,1255,no dip
90,WB,Weibo,108,3,wsb,WATCH,20.1,7.76,88.0,56.8,1.48,3.35,0.3,True,True,False,False,-6.2,above,7.45,7.54,+1.5 sigma above band - riding above support,0.0,z>=0 (quick bounce),5.0,False,False,FLAT,,,,,,,5.0,0.0,20.0,100.0,30.0,77.0,45.5,0.51,6.4,1.01,2026-07-09,1255,no dip
91,SNAP,Snap,113,3,wsb,WATCH,18.6,4.66,49.6,41.6,-0.42,-3.39,0.33,True,False,False,False,-1.5,below,4.79,4.85,at the band,0.0,z>=0 (quick bounce),5.0,False,False,FLAT,,,,,,,5.0,15.0,20.0,100.0,0.0,78.0,39.7,-13.73,6.7,0.75,2026-07-09,1255,no dip
92,EU,enCore Energy,59,8,wsb,WATCH,18.6,1.34,74.7,44.3,-0.47,-4.51,0.46,True,True,False,False,-26.4,below,1.4,1.4,at the band,0.0,z>=0 (quick bounce),5.0,False,False,FLAT,,,,,,,5.0,15.0,20.0,100.0,0.0,78.0,42.3,12.95,5.9,1.29,2026-07-09,1255,no dip
93,NFLX,NFLX,12,106,popular,WATCH,18.1,74.81,21.2,41.2,-0.47,-2.16,0.4,False,False,False,False,-24.7,below,76.01,76.84,at the band,0.0,z>=0 (quick bounce),5.0,False,False,FLAT,,,,,,,40.0,15.0,14.0,0.0,0.0,68.0,52.9,-2.77,7.4,0.93,2026-07-09,1255,no dip
94,ADBE,ADBE,13,105,popular,WATCH,13.0,220.71,68.4,51.3,0.71,3.67,0.26,False,True,False,False,-7.8,above,208.49,216.73,+0.7 sigma above band - riding above support,0.0,z>=0 (quick bounce),5.0,False,False,FLAT,,,,,,,5.0,15.0,14.0,0.0,30.0,65.0,50.8,-4.57,8.4,0.87,2026-07-09,1255,no dip
95,SLB,SLB,85,33,popular,WATCH,7.6,47.42,91.9,39.1,-0.4,-3.18,0.29,False,True,False,False,-8.6,below,48.86,48.99,at the band,0.0,z>=0 (quick bounce),5.0,False,False,FLAT,,,,,,,5.0,15.0,14.0,0.0,0.0,65.0,58.5,9.77,8.4,1.35,2026-07-09,1255,no dip
96,USO,United States Commodity Funds LLC - United States Oil Fund,35,15,wsb,WATCH,7.6,109.38,49.5,40.9,-0.45,-3.58,0.68,False,True,False,False,-12.2,below,112.75,113.83,at the band,0.0,z>=0 (quick bounce),5.0,False,False,FLAT,,,,,,,5.0,15.0,14.0,0.0,0.0,59.0,64.4,8.08,7.6,1.36,2026-07-09,1255,no dip
1,SPCX,SpaceX,8,98,wsb,SKIPPED,,,,,,,,,,,,,,,,,,,,,,,,,,,,,,,,,,,,,,,,18,insufficient price history
2,OS,OneStream,90,5,wsb,SKIPPED,,,,,,,,,,,,,,,,,,,,,,,,,,,,,,,,,,,,,,,,0,insufficient price history
3,PS,Pluralsight,93,4,wsb,SKIPPED,,,,,,,,,,,,,,,,,,,,,,,,,,,,,,,,,,,,,,,,49,insufficient price history
4,DAY,Dayforce,104,4,wsb,SKIPPED,,,,,,,,,,,,,,,,,,,,,,,,,,,,,,,,,,,,,,,,0,insufficient price history
