group_rank,ticker,name,wsb_rank,mentions,group,readiness,recommendation,close,band_bot,band_top,pos_vs_band,rsi,need_move_%,proximity_%,mode,sma,ema,rsi_buy,stop,cbars,bt_trades,bt_winrate_%,bt_pnl_$,bt_profit_factor,bt_score,bt_in_window,signal_date,bars,note
1,NU,Nu Holdings,135,2,BUY NOW,100.0,BUY (entry signal - act at next open),14.06,13.7,14.25,inside,49.4,-2.55,2.55,reclaim,20.0,40.0,50.0,0.08,4.0,8.0,50.0,1635.75,10.08,817.9,True,2026-07-06,240,BUY (entry signal - act at next open)
2,OPEN,Opendoor,51,8,BUY NOW,100.0,BUY (entry signal - act at next open),5.09,4.85,4.95,above,53.6,-2.75,2.75,breakout,20.0,40.0,40.0,0.12,6.0,8.0,37.5,957.47,2.29,359.1,True,2026-07-06,317,BUY (entry signal - act at next open)
3,TM,Toyota,156,1,BUY NOW,100.0,BUY (entry signal - act at next open),179.93,196.79,203.78,below,31.3,0.0,0.0,anticipate,25.0,40.0,40.0,0.12,4.0,14.0,64.3,340.74,3.04,219.1,True,2026-07-06,523,BUY (entry signal - act at next open)
4,GOAT,VanEck Vectors ETF Trust - VanEck Vectors Morningstar Global Wide Moat,131,2,BUY NOW,100.0,BUY (entry signal - act at next open),38.58,38.37,38.86,inside,61.0,-0.54,0.54,reclaim,25.0,30.0,45.0,0.08,4.0,14.0,42.9,249.99,1.97,107.2,True,2026-06-29,334,BUY (entry signal - act at next open)
1,FANG,Diamondback Energy,180,1,CLOSE TO ENTERING,80.0,HOLD (flat - waiting for entry),173.73,181.74,183.31,below,41.4,0.0,0.0,anticipate,25.0,21.0,40.0,0.12,6.0,9.0,66.7,1015.21,3.86,677.1,True,2026-07-06,523,below band in RSI buy-zone; needs an up-close with RSI turning up
2,META,Meta Platforms (Facebook),10,62,CLOSE TO ENTERING,77.7,HOLD (flat - waiting for entry),600.29,618.14,618.22,below,53.5,2.97,2.97,reclaim,25.0,30.0,40.0,0.08,4.0,15.0,53.3,4317.03,13.52,2301.0,True,2026-07-06,523,3.0% below the band bottom; a close above it triggers entry
3,ORCL,Oracle,30,16,CLOSE TO ENTERING,75.0,HOLD (flat - waiting for entry),143.79,175.04,181.44,below,49.5,0.0,0.0,anticipate,15.0,40.0,50.0,0.12,6.0,14.0,57.1,2200.42,6.32,1256.4,True,2026-07-06,523,below band in RSI buy-zone; needs an up-close with RSI turning up
4,XOM,Exxon Mobil,36,12,CLOSE TO ENTERING,75.0,HOLD (flat - waiting for entry),136.5,143.04,148.06,below,34.5,0.0,0.0,anticipate,25.0,21.0,40.0,0.12,6.0,14.0,78.6,1744.11,43.67,1370.9,True,2026-07-06,523,below band in RSI buy-zone; needs an up-close with RSI turning up
5,EU,enCore Energy,56,7,CLOSE TO ENTERING,75.0,HOLD (flat - waiting for entry),1.33,1.61,1.76,below,36.5,0.0,0.0,anticipate,15.0,21.0,45.0,0.12,6.0,15.0,40.0,10837.9,8.61,4335.2,True,2026-07-06,523,below band in RSI buy-zone; needs an up-close with RSI turning up
6,SLV,iShares Silver Trust,62,6,CLOSE TO ENTERING,75.0,HOLD (flat - waiting for entry),56.12,60.41,68.58,below,38.1,0.0,0.0,anticipate,25.0,40.0,40.0,0.12,6.0,10.0,60.0,848.48,7.93,509.1,True,2026-07-06,523,below band in RSI buy-zone; needs an up-close with RSI turning up
7,OKLO,Oklo,75,5,CLOSE TO ENTERING,75.0,HOLD (flat - waiting for entry),51.84,60.34,62.75,below,52.7,0.0,0.0,anticipate,15.0,21.0,50.0,0.12,6.0,11.0,54.5,5554.81,8.6,3027.4,True,2026-07-06,262,below band in RSI buy-zone; needs an up-close with RSI turning up
8,NVDA,NVIDIA,6,101,CLOSE TO ENTERING,73.1,HOLD (flat - waiting for entry),195.55,193.51,202.88,inside,58.0,3.75,3.75,breakout,15.0,30.0,45.0,0.12,6.0,11.0,63.6,10409.9,21.94,6620.7,True,2026-07-06,523,3.8% below the band top; a close above it triggers entry
9,ASTS,AST SpaceMobile,19,26,CLOSE TO ENTERING,70.0,HOLD (flat - waiting for entry),80.64,84.67,88.2,below,45.4,0.0,0.0,anticipate,25.0,21.0,45.0,0.12,6.0,9.0,77.8,9779.01,40.3,7608.1,True,2026-07-06,350,below band in RSI buy-zone; needs an up-close with RSI turning up
10,CC,Chemours,70,5,CLOSE TO ENTERING,70.0,HOLD (flat - waiting for entry),18.19,19.47,20.41,below,42.0,0.0,0.0,anticipate,25.0,30.0,40.0,0.12,4.0,15.0,60.0,1915.85,2.93,1149.5,True,2026-07-06,523,below band in RSI buy-zone; needs an up-close with RSI turning up
11,DOW,Dow,96,3,CLOSE TO ENTERING,70.0,HOLD (flat - waiting for entry),27.33,31.81,33.78,below,24.8,0.0,0.0,anticipate,25.0,30.0,40.0,0.12,4.0,12.0,75.0,1041.56,4.23,781.2,True,2026-07-06,382,below band in RSI buy-zone; needs an up-close with RSI turning up
12,OR,Osisko Gold Royalties,100,3,CLOSE TO ENTERING,70.0,HOLD (flat - waiting for entry),30.82,35.3,38.06,below,30.5,0.0,0.0,anticipate,25.0,40.0,40.0,0.12,6.0,13.0,61.5,2033.02,5.7,1250.3,True,2026-07-06,523,below band in RSI buy-zone; needs an up-close with RSI turning up
13,FOX,Fox Corporation,112,2,CLOSE TO ENTERING,70.0,HOLD (flat - waiting for entry),49.9,54.77,55.03,below,45.5,0.0,0.0,anticipate,25.0,30.0,45.0,0.08,6.0,13.0,76.9,429.64,3.73,330.4,True,2026-07-06,383,below band in RSI buy-zone; needs an up-close with RSI turning up
14,WMT,Walmart,148,1,CLOSE TO ENTERING,70.0,HOLD (flat - waiting for entry),110.65,118.26,122.97,below,31.0,0.0,0.0,anticipate,25.0,30.0,50.0,0.08,6.0,13.0,61.5,1534.92,7.78,944.0,True,2026-07-06,523,below band in RSI buy-zone; needs an up-close with RSI turning up
15,PFE,Pfizer,155,1,CLOSE TO ENTERING,70.0,HOLD (flat - waiting for entry),23.73,25.26,26.05,below,22.4,0.0,0.0,anticipate,25.0,40.0,40.0,0.12,4.0,15.0,60.0,124.99,1.35,75.0,True,2026-07-06,523,below band in RSI buy-zone; needs an up-close with RSI turning up
16,TIL,Instil Bio,136,2,CLOSE TO ENTERING,69.7,HOLD (flat - waiting for entry),7.72,7.99,8.58,below,45.4,3.48,3.48,reclaim,15.0,21.0,40.0,0.08,4.0,12.0,16.7,368.93,1.31,61.6,True,2026-07-06,278,3.5% below the band bottom; a close above it triggers entry
17,PLTR,Palantir,61,6,CLOSE TO ENTERING,62.2,HOLD (flat - waiting for entry),132.54,139.99,142.6,below,44.3,5.62,5.62,reclaim,25.0,40.0,50.0,0.08,6.0,9.0,22.2,14846.36,28.12,3295.9,True,2026-07-06,302,5.6% below the band bottom; a close above it triggers entry
1,SNDK,Sandisk,5,103,IN POSITION,50.0,HOLD (in position - riding the move),1744.43,980.42,1262.45,above,70.8,-27.63,27.63,breakout,20.0,40.0,40.0,0.08,4.0,2.0,50.0,39378.0,343.99,19689.0,False,2026-07-06,74,HOLD (in position - riding the move)
2,SOXL,Direxion Shares ETF Trust - Direxion Daily Semiconductor Bull 3X Share,31,15,IN POSITION,50.0,HOLD (in position - riding the move),194.77,115.09,139.3,above,65.9,-40.91,40.91,anticipate,20.0,40.0,40.0,0.08,4.0,15.0,53.3,18163.25,14.94,9681.0,True,2026-07-06,523,HOLD (in position - riding the move)
3,LITE,Lumentum,68,5,IN POSITION,50.0,HOLD (in position - riding the move),731.25,623.15,753.7,inside,42.6,-14.78,14.78,anticipate,25.0,40.0,40.0,0.08,4.0,11.0,63.6,13822.53,44.68,8791.1,True,2026-07-06,523,HOLD (in position - riding the move)
4,MU,Micron Technology,1,446,IN POSITION,50.0,HOLD (in position - riding the move),984.75,735.77,769.77,above,75.9,-25.28,25.28,anticipate,15.0,21.0,40.0,0.08,6.0,12.0,58.3,12462.83,26.25,7265.8,True,2026-07-06,523,HOLD (in position - riding the move)
5,WDC,Western Digital,27,17,IN POSITION,50.0,HOLD (in position - riding the move),577.46,400.11,401.89,above,69.2,-30.71,30.71,anticipate,25.0,30.0,40.0,0.12,6.0,16.0,50.0,14269.33,11.91,7134.7,False,2026-07-06,523,HOLD (in position - riding the move)
6,STX,Seagate Technology,81,4,IN POSITION,50.0,HOLD (in position - riding the move),868.26,617.66,704.51,above,71.9,-28.86,28.86,anticipate,25.0,21.0,40.0,0.12,6.0,13.0,61.5,11207.42,20.7,6892.6,True,2026-07-06,523,HOLD (in position - riding the move)
7,NVTS,Navitas Semiconductor,134,2,IN POSITION,50.0,HOLD (in position - riding the move),15.23,13.87,14.73,above,58.6,-8.91,8.91,anticipate,25.0,40.0,40.0,0.08,4.0,11.0,54.5,8454.27,11.64,4607.6,True,2026-07-06,247,HOLD (in position - riding the move)
8,DELL,Dell,117,2,IN POSITION,50.0,HOLD (in position - riding the move),411.51,258.55,306.44,above,82.1,-37.17,37.17,anticipate,15.0,30.0,40.0,0.12,6.0,13.0,69.2,6530.96,10.48,4519.4,True,2026-07-06,517,HOLD (in position - riding the move)
9,WULF,TeraWulf,49,9,IN POSITION,50.0,HOLD (in position - riding the move),22.21,19.33,19.43,above,62.4,-12.52,12.52,breakout,25.0,30.0,50.0,0.08,6.0,12.0,50.0,7570.09,8.64,3785.0,True,2026-07-06,523,HOLD (in position - riding the move)
10,TQQQ,ProShares Trust - ProShares UltraPro QQQ,103,3,IN POSITION,50.0,HOLD (in position - riding the move),76.42,63.34,63.63,above,70.7,-16.74,16.74,breakout,20.0,30.0,40.0,0.08,4.0,15.0,80.0,4487.37,12.8,3589.9,True,2026-07-06,523,HOLD (in position - riding the move)
11,CRWD,CrowdStrike,122,2,IN POSITION,50.0,HOLD (in position - riding the move),199.38,130.64,134.43,above,85.7,-34.48,34.48,anticipate,25.0,40.0,50.0,0.12,6.0,15.0,53.3,6119.95,7.66,3261.9,True,2026-07-06,370,HOLD (in position - riding the move)
12,CRDO,Credo Technology,137,2,IN POSITION,50.0,HOLD (in position - riding the move),265.55,168.2,197.45,above,73.8,-36.66,36.66,anticipate,25.0,21.0,50.0,0.12,4.0,9.0,66.7,4426.65,16.54,2952.6,True,2026-07-06,233,HOLD (in position - riding the move)
13,AMD,AMD,8,70,IN POSITION,50.0,HOLD (in position - riding the move),552.05,328.34,427.93,above,81.3,-22.48,22.48,breakout,15.0,40.0,45.0,0.12,4.0,15.0,60.0,4738.31,9.39,2843.0,True,2026-07-06,523,HOLD (in position - riding the move)
14,KEEL,Keel Infrastructure,92,4,IN POSITION,50.0,HOLD (in position - riding the move),4.84,3.79,4.31,above,68.4,-10.88,10.88,breakout,15.0,30.0,40.0,0.08,4.0,13.0,38.5,7366.41,7.95,2836.1,True,2026-07-06,361,HOLD (in position - riding the move)
15,LRCX,Lam Research,197,1,IN POSITION,50.0,HOLD (in position - riding the move),350.2,269.69,307.61,above,73.5,-12.16,12.16,breakout,15.0,30.0,50.0,0.12,4.0,15.0,53.3,5235.94,10.49,2790.8,True,2026-07-06,523,HOLD (in position - riding the move)
16,AMAT,Applied Materials,93,3,IN POSITION,50.0,HOLD (in position - riding the move),592.79,387.87,423.45,above,82.1,-28.57,28.57,breakout,25.0,40.0,45.0,0.12,6.0,10.0,60.0,4353.26,15.11,2612.0,True,2026-07-06,523,HOLD (in position - riding the move)
17,SOXX,BlackRock Institutional Trust Company N.A. - BTC iShares PHLX Semicond,74,5,IN POSITION,50.0,HOLD (in position - riding the move),581.51,419.81,514.35,above,75.7,-27.81,27.81,anticipate,15.0,40.0,45.0,0.08,4.0,8.0,62.5,3957.99,17.18,2473.7,True,2026-07-06,523,HOLD (in position - riding the move)
18,MRVL,Marvell Technology Group,34,13,IN POSITION,50.0,HOLD (in position - riding the move),249.27,152.8,175.48,above,76.1,-29.6,29.6,breakout,20.0,40.0,45.0,0.08,6.0,14.0,64.3,3844.16,8.92,2471.8,True,2026-07-06,523,HOLD (in position - riding the move)
19,SMH,VanEck Vectors ETF Trust - VanEck Vectors Semiconductor ETF,40,11,IN POSITION,50.0,HOLD (in position - riding the move),604.3,461.72,489.07,above,74.9,-19.07,19.07,breakout,25.0,40.0,45.0,0.08,6.0,10.0,70.0,3518.59,23.4,2463.0,True,2026-07-06,523,HOLD (in position - riding the move)
20,CAT,Caterpillar,94,3,IN POSITION,50.0,HOLD (in position - riding the move),969.8,745.69,838.95,above,84.8,-23.11,23.11,anticipate,20.0,40.0,45.0,0.12,4.0,11.0,72.7,3286.59,18.37,2389.4,True,2026-07-06,523,HOLD (in position - riding the move)
21,AAOI,Applied Optoelectronics,66,6,IN POSITION,50.0,HOLD (in position - riding the move),123.36,102.45,120.35,above,53.7,-2.44,2.44,breakout,25.0,40.0,50.0,0.08,4.0,13.0,30.8,7449.72,7.52,2294.5,True,2026-07-06,523,HOLD (in position - riding the move)
22,TSM,TSMC,153,1,IN POSITION,50.0,HOLD (in position - riding the move),451.84,357.01,408.64,above,77.8,-20.99,20.99,reclaim,15.0,40.0,50.0,0.08,4.0,14.0,57.1,3823.18,17.59,2183.0,True,2026-07-06,523,HOLD (in position - riding the move)
23,KORU,Direxion Shares ETF Trust - Direxion Daily South Korea Bull 3X Shares,72,5,IN POSITION,50.0,HOLD (in position - riding the move),625.54,481.46,610.27,above,56.2,-2.44,2.44,breakout,20.0,40.0,40.0,0.12,4.0,15.0,20.0,10863.67,6.14,2172.7,True,2026-07-06,523,HOLD (in position - riding the move)
24,GOOG,Alphabet (Google),25,19,IN POSITION,50.0,HOLD (in position - riding the move),364.9,318.51,357.75,above,66.5,-12.71,12.71,anticipate,15.0,40.0,50.0,0.08,6.0,12.0,66.7,3143.64,12.23,2096.8,True,2026-07-06,523,HOLD (in position - riding the move)
25,BBC,ETFis Series Trust I - Virtus LifeSci Biotech Clinical Trials ETF,89,4,IN POSITION,50.0,HOLD (in position - riding the move),52.92,40.31,44.37,above,67.1,-23.83,23.83,anticipate,20.0,40.0,40.0,0.12,6.0,15.0,66.7,2934.96,5.88,1957.6,True,2026-07-06,523,HOLD (in position - riding the move)
26,MS,Morgan Stanley,114,2,IN POSITION,50.0,HOLD (in position - riding the move),222.07,187.13,188.9,above,84.8,-15.74,15.74,anticipate,25.0,30.0,40.0,0.12,6.0,10.0,70.0,2796.27,14.74,1957.4,True,2026-07-06,523,HOLD (in position - riding the move)
27,LLY,Eli Lilly,162,1,IN POSITION,50.0,HOLD (in position - riding the move),1202.56,1032.81,1050.05,above,76.8,-14.12,14.12,anticipate,15.0,30.0,50.0,0.12,4.0,12.0,66.7,2895.49,13.16,1931.3,True,2026-07-06,523,HOLD (in position - riding the move)
28,CDNS,Cadence Design Systems,171,1,IN POSITION,50.0,HOLD (in position - riding the move),375.77,334.33,335.17,above,76.6,-11.03,11.03,anticipate,20.0,40.0,50.0,0.12,6.0,10.0,80.0,2254.62,21.98,1803.7,True,2026-07-06,523,HOLD (in position - riding the move)
29,QQQ,Invesco QQQ ETF,11,59,IN POSITION,50.0,HOLD (in position - riding the move),722.82,660.48,664.9,above,75.1,-8.01,8.01,breakout,20.0,30.0,40.0,0.12,6.0,12.0,91.7,1942.28,24.19,1781.1,True,2026-07-06,523,HOLD (in position - riding the move)
30,GOOGL,Alphabet (Google),65,6,IN POSITION,50.0,HOLD (in position - riding the move),366.46,319.64,360.23,above,66.6,-12.78,12.78,anticipate,15.0,40.0,50.0,0.08,4.0,12.0,58.3,3042.4,10.11,1773.7,True,2026-07-06,523,HOLD (in position - riding the move)
31,BB,BlackBerry,60,6,IN POSITION,50.0,HOLD (in position - riding the move),11.36,6.07,7.56,above,87.2,-46.59,46.59,anticipate,15.0,40.0,40.0,0.12,6.0,19.0,63.2,2799.45,5.89,1769.3,False,2026-07-06,523,HOLD (in position - riding the move)
32,NOK,Nokia,84,4,IN POSITION,50.0,HOLD (in position - riding the move),12.52,9.78,11.47,above,65.0,-21.89,21.89,anticipate,20.0,40.0,40.0,0.08,6.0,12.0,75.0,2328.98,18.64,1746.7,True,2026-07-06,523,HOLD (in position - riding the move)
33,HOOD,Robinhood,18,35,IN POSITION,50.0,HOLD (in position - riding the move),117.55,84.27,92.29,above,68.4,-28.31,28.31,anticipate,20.0,40.0,50.0,0.08,4.0,13.0,53.8,3000.36,5.15,1614.2,True,2026-07-06,259,HOLD (in position - riding the move)
34,GE,General Electric,184,1,IN POSITION,50.0,HOLD (in position - riding the move),378.7,309.11,317.49,above,77.7,-16.16,16.16,breakout,20.0,40.0,45.0,0.08,4.0,9.0,44.4,3272.96,7.55,1453.2,True,2026-07-06,523,HOLD (in position - riding the move)
35,ANET,Arista Networks,111,2,IN POSITION,50.0,HOLD (in position - riding the move),173.19,143.89,157.54,above,65.4,-9.04,9.04,breakout,15.0,40.0,50.0,0.12,4.0,15.0,33.3,4342.66,6.56,1446.1,True,2026-07-06,523,HOLD (in position - riding the move)
36,AAPL,Apple,16,37,IN POSITION,50.0,HOLD (in position - riding the move),312.66,272.8,276.95,above,72.4,-12.75,12.75,anticipate,25.0,40.0,50.0,0.12,6.0,12.0,66.7,2071.49,7.07,1381.7,True,2026-07-06,523,HOLD (in position - riding the move)
37,IGV,BlackRock Institutional Trust Company N.A. - iShares Expanded Tech-Sof,88,4,IN POSITION,50.0,HOLD (in position - riding the move),94.81,87.6,93.62,above,63.7,-1.26,1.26,breakout,25.0,40.0,45.0,0.08,4.0,9.0,77.8,1761.57,11.89,1370.5,True,2026-07-06,523,HOLD (in position - riding the move)
38,ET,Energy Transfer Partners,102,3,IN POSITION,50.0,HOLD (in position - riding the move),19.26,18.51,19.07,above,56.3,-3.91,3.91,anticipate,20.0,30.0,45.0,0.12,6.0,14.0,71.4,1903.39,8.81,1359.0,True,2026-07-06,523,HOLD (in position - riding the move)
39,QCOM,QUALCOMM,79,4,IN POSITION,50.0,HOLD (in position - riding the move),186.48,173.54,188.44,inside,61.1,-6.94,6.94,anticipate,15.0,40.0,45.0,0.12,6.0,17.0,82.4,1643.54,8.44,1354.3,False,2026-07-06,523,HOLD (in position - riding the move)
40,ALL,Allstate,32,14,IN POSITION,50.0,HOLD (in position - riding the move),248.47,213.24,217.97,above,75.2,-14.18,14.18,anticipate,20.0,40.0,50.0,0.12,6.0,14.0,78.6,1634.45,4.33,1284.7,True,2026-07-06,523,HOLD (in position - riding the move)
41,LIN,Linde,164,1,IN POSITION,50.0,HOLD (in position - riding the move),540.52,485.99,506.09,above,61.6,-10.09,10.09,anticipate,20.0,40.0,50.0,0.08,4.0,9.0,77.8,1598.54,17.87,1243.7,True,2026-07-06,523,HOLD (in position - riding the move)
42,RMD,ResMed,80,4,IN POSITION,50.0,HOLD (in position - riding the move),218.4,207.81,221.91,inside,47.5,-4.85,4.85,anticipate,15.0,30.0,40.0,0.08,4.0,11.0,81.8,1280.56,7.67,1047.5,True,2026-07-06,523,HOLD (in position - riding the move)
43,SG,Sweetgreen,43,10,IN POSITION,50.0,HOLD (in position - riding the move),8.04,7.87,7.93,above,62.7,-2.18,2.18,reclaim,15.0,21.0,40.0,0.08,4.0,9.0,55.6,1824.58,5.19,1014.5,True,2026-07-06,243,HOLD (in position - riding the move)
44,EL,Estee Lauder,183,1,IN POSITION,50.0,HOLD (in position - riding the move),84.89,81.57,86.2,inside,64.1,-3.91,3.91,anticipate,15.0,21.0,40.0,0.12,6.0,15.0,53.3,1841.0,4.27,981.3,True,2026-07-06,523,HOLD (in position - riding the move)
45,VTI,Vanguard Total Stock Market ETF,87,4,IN POSITION,50.0,HOLD (in position - riding the move),371.61,347.26,354.0,above,80.2,-4.74,4.74,breakout,25.0,21.0,40.0,0.08,6.0,12.0,75.0,1290.41,13.38,967.8,True,2026-07-06,523,HOLD (in position - riding the move)
46,VOO,Vanguard S&P 500 ETF,129,2,IN POSITION,50.0,HOLD (in position - riding the move),690.58,648.22,667.23,above,78.6,-3.38,3.38,breakout,15.0,30.0,40.0,0.12,6.0,14.0,71.4,1335.99,11.9,953.9,True,2026-07-06,523,HOLD (in position - riding the move)
47,SPY,SPDR S&P 500 ETF Trust,2,244,IN POSITION,50.0,HOLD (in position - riding the move),751.26,705.34,725.97,above,78.5,-3.37,3.37,breakout,15.0,30.0,40.0,0.12,6.0,14.0,71.4,1334.42,12.24,952.8,True,2026-07-06,523,HOLD (in position - riding the move)
48,JNJ,Johnson & Johnson,147,1,IN POSITION,50.0,HOLD (in position - riding the move),259.29,221.55,237.29,above,58.1,-14.55,14.55,anticipate,20.0,40.0,40.0,0.12,6.0,11.0,90.9,1031.64,58.94,937.8,True,2026-07-06,523,HOLD (in position - riding the move)
49,SLS,Sellas Life Sciences,35,13,IN POSITION,50.0,HOLD (in position - riding the move),13.94,5.93,7.15,above,80.0,-48.69,48.69,breakout,20.0,40.0,40.0,0.08,4.0,15.0,20.0,4340.55,3.09,868.1,True,2026-07-06,523,HOLD (in position - riding the move)
50,EWY,BlackRock Institutional Trust Company N.A. - iShares MSCI South Korea,86,4,IN POSITION,50.0,HOLD (in position - riding the move),189.85,142.51,164.78,above,64.6,-13.2,13.2,breakout,20.0,40.0,40.0,0.08,4.0,15.0,33.3,2539.73,6.7,845.7,True,2026-07-06,523,HOLD (in position - riding the move)
51,IWM,BlackRock Institutional Trust Company N.A. - BTC iShares Russell 2000,26,18,IN POSITION,50.0,HOLD (in position - riding the move),298.9,271.33,274.04,above,78.9,-9.22,9.22,anticipate,20.0,30.0,45.0,0.12,6.0,15.0,66.7,1265.97,4.22,844.4,True,2026-07-06,523,HOLD (in position - riding the move)
52,WTI,W&T Offshore,98,3,IN POSITION,50.0,HOLD (in position - riding the move),3.1,2.91,3.46,inside,49.6,11.69,11.69,breakout,20.0,40.0,40.0,0.12,4.0,13.0,46.2,1658.58,2.66,766.3,True,2026-07-06,523,HOLD (in position - riding the move)
53,PG,Procter & Gamble,150,1,IN POSITION,50.0,HOLD (in position - riding the move),149.31,147.99,149.14,above,62.4,-0.89,0.89,anticipate,25.0,21.0,40.0,0.08,6.0,9.0,77.8,948.46,15.16,737.9,True,2026-07-06,523,HOLD (in position - riding the move)
54,JUST,Goldman Sachs ETF Trust - Goldman Sachs Just Us Large Cap Equity ETF,73,5,IN POSITION,50.0,HOLD (in position - riding the move),107.43,100.55,103.74,above,81.6,-6.4,6.4,anticipate,15.0,30.0,50.0,0.08,6.0,11.0,72.7,1008.11,3.83,732.9,True,2026-07-06,422,HOLD (in position - riding the move)
55,VSAT,ViaSat,115,2,IN POSITION,50.0,HOLD (in position - riding the move),83.8,53.26,59.16,above,69.8,-29.4,29.4,breakout,25.0,40.0,45.0,0.12,4.0,18.0,16.7,4321.45,4.01,721.7,False,2026-07-06,523,HOLD (in position - riding the move)
56,IP,International Paper,22,21,IN POSITION,50.0,HOLD (in position - riding the move),38.6,34.68,36.59,above,60.4,-10.17,10.17,anticipate,15.0,21.0,40.0,0.12,4.0,17.0,58.8,995.75,3.34,585.5,False,2026-07-06,523,HOLD (in position - riding the move)
57,IBM,IBM,67,5,IN POSITION,50.0,HOLD (in position - riding the move),299.49,257.02,265.72,above,60.6,-14.18,14.18,anticipate,15.0,21.0,40.0,0.12,6.0,13.0,61.5,910.12,4.17,559.7,True,2026-07-06,523,HOLD (in position - riding the move)
58,DTE,DTE Energy,17,36,IN POSITION,50.0,HOLD (in position - riding the move),151.43,140.93,144.13,above,55.9,-6.94,6.94,anticipate,25.0,40.0,40.0,0.12,6.0,9.0,66.7,814.03,24.78,543.0,True,2026-07-06,523,HOLD (in position - riding the move)
59,SO,Southern Company,50,8,IN POSITION,50.0,HOLD (in position - riding the move),96.0,92.27,94.67,above,48.8,-3.89,3.89,anticipate,20.0,40.0,50.0,0.12,6.0,12.0,83.3,599.04,7.86,499.0,True,2026-07-06,523,HOLD (in position - riding the move)
60,BA,Boeing,157,1,IN POSITION,50.0,HOLD (in position - riding the move),234.49,219.2,224.42,above,61.4,-4.29,4.29,breakout,25.0,40.0,40.0,0.08,4.0,14.0,50.0,943.6,2.34,471.8,True,2026-07-06,523,HOLD (in position - riding the move)
61,AZZ,AZZ,63,6,IN POSITION,50.0,HOLD (in position - riding the move),152.66,137.22,139.79,above,70.4,-10.11,10.11,anticipate,25.0,21.0,40.0,0.08,6.0,13.0,61.5,720.58,3.75,443.2,True,2026-07-06,523,HOLD (in position - riding the move)
62,ATR,AptarGroup,125,2,IN POSITION,50.0,HOLD (in position - riding the move),126.12,121.8,126.56,inside,50.7,0.35,0.35,breakout,15.0,40.0,50.0,0.08,4.0,11.0,54.5,738.46,5.91,402.5,True,2026-07-06,523,HOLD (in position - riding the move)
63,RDDT,Reddit,13,48,IN POSITION,50.0,HOLD (in position - riding the move),200.6,164.35,170.75,above,67.9,-14.88,14.88,breakout,15.0,21.0,40.0,0.08,4.0,8.0,37.5,965.15,2.58,361.9,True,2026-07-06,121,HOLD (in position - riding the move)
64,MO,Altria Group,167,1,IN POSITION,50.0,HOLD (in position - riding the move),71.89,68.32,69.58,above,58.4,-4.97,4.97,anticipate,15.0,21.0,40.0,0.12,6.0,14.0,64.3,414.32,2.0,266.4,True,2026-07-06,523,HOLD (in position - riding the move)
65,YOU,CLEAR Secure,33,14,IN POSITION,50.0,HOLD (in position - riding the move),56.73,45.39,52.28,above,57.3,-7.85,7.85,breakout,20.0,40.0,45.0,0.12,6.0,9.0,22.2,787.03,2.05,174.7,True,2026-07-06,263,HOLD (in position - riding the move)
66,OI,O-I Glass,83,4,IN POSITION,50.0,HOLD (in position - riding the move),10.04,9.55,11.3,inside,47.7,-4.87,4.87,anticipate,15.0,40.0,40.0,0.12,4.0,17.0,52.9,303.63,1.55,160.6,False,2026-07-06,523,HOLD (in position - riding the move)
67,AAA,Listed Funds Trust - AAF First Priority CLO Bond ETF,130,2,IN POSITION,50.0,HOLD (in position - riding the move),25.1,24.71,24.76,above,79.5,-1.37,1.37,breakout,25.0,21.0,40.0,0.12,6.0,5.0,60.0,256.81,82.31,154.1,False,2026-07-06,305,HOLD (in position - riding the move)
68,LINK,Interlink Electronics,57,7,IN POSITION,50.0,HOLD (in position - riding the move),4.19,3.67,4.08,above,61.6,-12.46,12.46,anticipate,25.0,40.0,40.0,0.12,4.0,20.0,45.0,120.62,1.1,54.3,False,2026-07-06,523,HOLD (in position - riding the move)
69,BAX,Baxter,168,1,IN POSITION,50.0,HOLD (in position - riding the move),22.58,19.23,20.63,above,72.5,-8.62,8.62,breakout,15.0,40.0,45.0,0.08,4.0,16.0,25.0,73.38,1.11,18.3,False,2026-07-06,523,HOLD (in position - riding the move)
70,MAN,ManpowerGroup,120,2,IN POSITION,50.0,HOLD (in position - riding the move),38.44,31.83,33.32,above,66.3,-13.32,13.32,breakout,15.0,40.0,40.0,0.08,4.0,18.0,27.8,-23.73,0.98,-6.6,False,2026-07-06,523,HOLD (in position - riding the move)
71,PATH,UiPath,133,2,IN POSITION,50.0,HOLD (in position - riding the move),11.82,11.25,11.71,above,53.5,-4.83,4.83,reclaim,25.0,30.0,40.0,0.08,6.0,11.0,27.3,-80.51,0.8,-22.0,True,2026-07-06,273,HOLD (in position - riding the move)
72,SMA,SmartStop Self Storage REIT,146,2,IN POSITION,50.0,HOLD (in position - riding the move),32.8,31.78,31.96,above,58.3,-2.56,2.56,breakout,15.0,21.0,40.0,0.08,4.0,8.0,12.5,-325.01,0.05,-40.6,True,2026-07-06,67,HOLD (in position - riding the move)
73,GRPN,Groupon,71,5,IN POSITION,50.0,HOLD (in position - riding the move),26.57,17.73,17.91,above,80.3,-32.58,32.58,breakout,15.0,40.0,45.0,0.12,4.0,17.0,29.4,-188.23,0.9,-55.3,False,2026-07-06,523,HOLD (in position - riding the move)
74,LB,L Brands,196,1,IN POSITION,50.0,HOLD (in position - riding the move),74.99,68.34,69.25,above,56.4,-7.66,7.66,breakout,15.0,21.0,40.0,0.08,4.0,8.0,37.5,-157.08,0.47,-58.9,True,2026-07-06,107,HOLD (in position - riding the move)
75,HOG,Harley-Davidson,188,1,IN POSITION,50.0,HOLD (in position - riding the move),25.33,23.39,24.18,above,72.8,-4.54,4.54,breakout,15.0,40.0,40.0,0.08,4.0,18.0,16.7,-589.19,0.49,-98.4,False,2026-07-06,523,HOLD (in position - riding the move)
76,GO,Grocery Outlet,121,2,IN POSITION,50.0,HOLD (in position - riding the move),10.38,8.19,10.08,above,74.4,-2.93,2.93,breakout,20.0,40.0,40.0,0.08,4.0,14.0,21.4,-461.66,0.41,-98.8,True,2026-07-06,369,HOLD (in position - riding the move)
1,IT,Gartner,28,17,SELL / EXIT,0.0,SELL (lost the band),135.11,151.8,194.84,below,40.7,0.0,0.0,anticipate,20.0,40.0,40.0,0.12,6.0,15.0,60.0,619.19,2.89,371.5,True,2026-07-06,523,SELL (lost the band)
2,AB,AllianceBernstein,85,4,SELL / EXIT,0.0,SELL (lost the band),36.68,37.23,37.37,below,41.7,0.0,0.0,anticipate,15.0,30.0,45.0,0.08,4.0,14.0,85.7,2627.27,170.08,2251.6,True,2026-07-06,523,SELL (lost the band)
3,DJT,Trump Media & Technology Group,90,4,SELL / EXIT,0.0,SELL (lost the band),8.66,8.77,10.35,below,47.2,0.0,0.0,anticipate,15.0,30.0,45.0,0.12,6.0,15.0,46.7,1679.99,2.21,784.6,True,2026-07-06,250,SELL (lost the band)
4,BMNR,Bitmine Immersion Technologies,91,4,SELL / EXIT,0.0,SELL (lost the band),15.54,18.63,22.92,below,38.3,0.0,0.0,anticipate,15.0,40.0,50.0,0.08,6.0,8.0,25.0,-503.36,0.24,-125.8,True,2026-07-06,58,SELL (lost the band)
5,MCD,McDonald,110,2,SELL / EXIT,0.0,SELL (lost the band),279.47,286.46,294.04,below,33.7,0.0,0.0,anticipate,15.0,30.0,45.0,0.12,6.0,13.0,69.2,949.77,20.84,657.2,True,2026-07-06,523,SELL (lost the band)
6,PEP,Pepsico,109,2,SELL / EXIT,0.0,SELL (lost the band),143.29,147.18,148.39,below,30.2,0.0,0.0,anticipate,15.0,40.0,50.0,0.08,4.0,15.0,60.0,680.38,5.96,408.2,True,2026-07-06,523,SELL (lost the band)
7,UBER,Uber,123,2,SELL / EXIT,0.0,SELL (lost the band),72.43,73.77,77.1,below,51.0,0.0,0.0,anticipate,25.0,40.0,50.0,0.12,6.0,15.0,46.7,1465.64,3.54,684.5,True,2026-07-06,375,SELL (lost the band)
8,GLD,SSgA SPDR Gold Shares,128,2,SELL / EXIT,0.0,SELL (lost the band),382.06,406.41,420.04,below,31.2,0.0,0.0,anticipate,20.0,21.0,45.0,0.12,6.0,13.0,61.5,1415.39,11.22,870.5,True,2026-07-06,523,SELL (lost the band)
9,BSX,Boston Scientific,169,1,SELL / EXIT,0.0,SELL (lost the band),44.6,52.99,64.34,below,24.4,0.0,0.0,anticipate,15.0,30.0,40.0,0.12,6.0,9.0,66.7,280.64,1.8,187.2,True,2026-07-06,523,SELL (lost the band)
10,QXO,"QXO, Inc.",144,2,SELL / EXIT,0.0,SELL (lost the band),15.8,19.55,20.04,below,42.3,0.0,0.0,anticipate,25.0,40.0,40.0,0.12,6.0,15.0,40.0,-519.77,0.62,-207.9,True,2026-07-06,523,SELL (lost the band)
11,T,AT&T,152,1,SELL / EXIT,0.0,SELL (lost the band),20.58,24.84,25.49,below,21.6,0.0,0.0,anticipate,25.0,40.0,40.0,0.12,4.0,15.0,66.7,283.39,1.89,189.0,True,2026-07-06,523,SELL (lost the band)
12,ABT,Abbott Laboratories,160,1,SELL / EXIT,0.0,SELL (lost the band),95.64,95.7,104.39,below,41.5,0.0,0.0,anticipate,20.0,40.0,40.0,0.08,4.0,11.0,81.8,1741.07,23.23,1424.2,True,2026-07-06,523,SELL (lost the band)
13,ICE,Intercontinental Exchange,191,1,SELL / EXIT,0.0,SELL (lost the band),134.93,147.22,150.33,below,24.1,0.0,0.0,anticipate,20.0,21.0,50.0,0.08,6.0,14.0,78.6,900.08,5.32,707.5,True,2026-07-06,523,SELL (lost the band)
14,LMT,Lockheed Martin,163,1,SELL / EXIT,0.0,SELL (lost the band),537.7,544.61,566.14,below,32.9,0.0,0.0,anticipate,20.0,21.0,40.0,0.12,6.0,11.0,72.7,722.19,3.65,525.0,True,2026-07-06,523,SELL (lost the band)
15,LOW,Lowe's Companies,198,1,SELL / EXIT,0.0,SELL (lost the band),223.77,227.05,235.69,below,46.2,0.0,0.0,anticipate,15.0,40.0,40.0,0.12,6.0,10.0,80.0,1741.18,15.93,1392.9,True,2026-07-06,523,SELL (lost the band)
16,KR,Kroger,195,1,SELL / EXIT,0.0,SELL (lost the band),58.24,64.46,66.14,below,25.0,0.0,0.0,anticipate,25.0,30.0,40.0,0.12,6.0,15.0,53.3,322.73,1.7,172.0,True,2026-07-06,523,SELL (lost the band)
17,JACK,Jack in the Box,69,5,SELL / EXIT,0.0,SELL (fakeout stop hit),15.82,12.84,16.39,inside,65.2,3.62,3.62,breakout,15.0,40.0,45.0,0.08,6.0,18.0,11.1,-564.3,0.46,-62.6,False,2026-07-06,523,SELL (fakeout stop hit)
18,SOLS,Solstice Advanced Materials,145,2,SELL / EXIT,0.0,SELL (fakeout stop hit),68.05,72.79,78.82,below,41.3,15.83,15.83,breakout,20.0,30.0,40.0,0.08,4.0,2.0,0.0,-165.04,0.0,-0.0,False,2026-07-06,38,SELL (fakeout stop hit)
1,MSTR,MicroStrategy,15,39,WATCH,45.0,HOLD (flat - waiting for entry),100.77,139.2,172.08,below,45.2,0.0,0.0,anticipate,15.0,40.0,40.0,0.08,6.0,15.0,40.0,-262.54,0.71,-105.0,True,2026-07-06,523,"flat, far from the entry trigger"
2,IREN,Iris Energy,23,21,WATCH,45.0,HOLD (flat - waiting for entry),43.91,47.63,48.68,below,54.7,0.0,0.0,anticipate,20.0,21.0,50.0,0.12,6.0,8.0,75.0,7747.23,37.18,5810.4,True,2026-07-06,243,"flat, far from the entry trigger"
3,ONDS,Ondas Holdings,37,12,WATCH,45.0,HOLD (flat - waiting for entry),7.82,9.07,9.63,below,44.7,0.0,0.0,anticipate,20.0,30.0,40.0,0.08,4.0,15.0,60.0,12980.3,23.17,7788.2,True,2026-07-06,293,"flat, far from the entry trigger"
4,CMG,Chipotle Mexican Grill,95,3,WATCH,45.0,HOLD (flat - waiting for entry),33.99,34.37,36.24,below,52.4,0.0,0.0,anticipate,25.0,40.0,40.0,0.08,6.0,10.0,90.0,1906.04,10.91,1715.4,True,2026-07-06,523,"flat, far from the entry trigger"
5,MP,MP Materials,64,6,WATCH,45.0,HOLD (flat - waiting for entry),53.0,58.29,58.44,below,53.5,0.0,0.0,anticipate,20.0,21.0,45.0,0.08,6.0,9.0,77.8,2083.34,9.62,1620.8,True,2026-07-06,316,"flat, far from the entry trigger"
6,LUNR,Intuitive Machines,108,3,WATCH,45.0,HOLD (flat - waiting for entry),18.89,23.82,27.22,below,44.9,0.0,0.0,anticipate,15.0,21.0,40.0,0.08,6.0,9.0,55.6,4076.44,8.23,2266.5,True,2026-07-06,243,"flat, far from the entry trigger"
7,AVAV,AeroVironment,116,2,WATCH,45.0,HOLD (flat - waiting for entry),176.84,178.42,195.62,below,48.5,0.0,0.0,anticipate,15.0,21.0,45.0,0.08,6.0,13.0,69.2,2375.25,10.93,1643.7,True,2026-07-06,523,"flat, far from the entry trigger"
8,HBM,Hudbay Minerals,101,3,WATCH,45.0,HOLD (flat - waiting for entry),23.35,23.85,24.85,below,53.2,0.0,0.0,anticipate,15.0,21.0,40.0,0.08,6.0,13.0,46.2,1355.04,2.51,626.0,True,2026-07-06,523,"flat, far from the entry trigger"
9,SA,Seabridge Gold,124,2,WATCH,45.0,HOLD (flat - waiting for entry),27.4,29.18,30.03,below,45.6,0.0,0.0,anticipate,20.0,21.0,40.0,0.08,4.0,10.0,80.0,1812.6,8.5,1450.1,True,2026-07-06,523,"flat, far from the entry trigger"
10,PUMP,ProPetro,132,2,WATCH,45.0,HOLD (flat - waiting for entry),12.28,13.85,14.99,below,43.9,0.0,0.0,anticipate,15.0,21.0,40.0,0.12,6.0,19.0,31.6,345.41,1.19,109.1,False,2026-07-06,487,"flat, far from the entry trigger"
11,POET,POET Technologies,140,2,WATCH,45.0,HOLD (flat - waiting for entry),8.95,9.68,10.69,below,54.2,0.0,0.0,anticipate,15.0,21.0,40.0,0.12,6.0,17.0,47.1,398.33,1.23,187.6,False,2026-07-06,523,"flat, far from the entry trigger"
12,CI,Cigna,173,1,WATCH,44.6,HOLD (flat - waiting for entry),281.98,280.97,281.35,above,57.4,-0.36,0.36,anticipate,15.0,21.0,40.0,0.12,6.0,11.0,72.7,717.52,4.61,521.6,True,2026-07-06,523,"flat, far from the entry trigger"
13,GM,General Motors,185,1,WATCH,44.6,HOLD (flat - waiting for entry),77.86,77.56,78.21,inside,57.1,-0.38,0.38,anticipate,15.0,21.0,40.0,0.12,4.0,15.0,53.3,-60.3,0.94,-32.1,True,2026-07-06,523,"flat, far from the entry trigger"
14,IG,Principal Exchange-Traded Funds - Principal Investment Grade Corporate,127,2,WATCH,44.5,HOLD (flat - waiting for entry),20.56,20.46,20.53,above,53.9,-0.49,0.49,anticipate,15.0,30.0,45.0,0.12,6.0,11.0,72.7,300.75,3.83,218.6,True,2026-07-06,430,"flat, far from the entry trigger"
15,MLM,Martin Marietta,199,1,WATCH,44.4,HOLD (flat - waiting for entry),605.28,601.4,611.36,inside,51.7,-0.64,0.64,anticipate,25.0,21.0,40.0,0.08,6.0,14.0,64.3,691.24,2.48,444.5,True,2026-07-06,523,"flat, far from the entry trigger"
16,EA,Electronic Arts,182,1,WATCH,43.4,HOLD (flat - waiting for entry),205.21,201.86,201.91,above,57.1,-1.63,1.63,anticipate,25.0,21.0,40.0,0.12,6.0,10.0,90.0,964.02,8.44,867.6,True,2026-07-06,523,"flat, far from the entry trigger"
17,AVGO,Broadcom,24,20,WATCH,42.8,HOLD (flat - waiting for entry),373.9,365.52,367.25,above,59.2,-2.24,2.24,anticipate,25.0,30.0,50.0,0.08,6.0,8.0,87.5,3246.99,32.77,2841.1,True,2026-07-06,523,"flat, far from the entry trigger"
18,AMZN,Amazon,38,11,WATCH,42.6,HOLD (flat - waiting for entry),244.16,238.42,239.44,above,62.4,-2.35,2.35,anticipate,20.0,30.0,50.0,0.12,6.0,13.0,69.2,1373.66,4.31,950.6,True,2026-07-06,523,"flat, far from the entry trigger"
19,LOT,Lotus Technology,142,2,WATCH,41.9,HOLD (flat - waiting for entry),1.26,1.22,1.26,above,55.0,-3.11,3.11,anticipate,25.0,21.0,40.0,0.08,6.0,11.0,45.5,91.22,1.12,41.5,True,2026-07-06,271,"flat, far from the entry trigger"
20,PR,Permian Resources,139,2,WATCH,40.9,HOLD (flat - waiting for entry),18.19,17.43,18.92,inside,37.9,-4.15,4.15,anticipate,25.0,40.0,40.0,0.12,6.0,13.0,53.8,6837.06,9.47,3678.3,True,2026-07-06,523,"flat, far from the entry trigger"
21,ED,Consolidated Edison,176,1,WATCH,40.7,HOLD (flat - waiting for entry),111.94,107.1,109.16,above,45.9,-4.32,4.32,anticipate,15.0,30.0,40.0,0.12,6.0,9.0,66.7,511.21,16.01,341.0,True,2026-07-06,523,"flat, far from the entry trigger"
22,MA,Mastercard,149,1,WATCH,40.3,HOLD (flat - waiting for entry),533.2,508.12,511.29,above,66.3,-4.7,4.7,anticipate,25.0,21.0,50.0,0.08,6.0,15.0,60.0,1028.37,4.04,617.0,True,2026-07-06,523,"flat, far from the entry trigger"
23,ES,Eversource Energy,78,4,WATCH,40.1,HOLD (flat - waiting for entry),73.23,69.65,69.89,above,58.8,-4.89,4.89,anticipate,15.0,21.0,45.0,0.08,6.0,14.0,78.6,827.04,7.08,650.1,True,2026-07-06,523,"flat, far from the entry trigger"
24,AM,Antero Midstream,29,17,WATCH,39.8,HOLD (flat - waiting for entry),22.08,20.94,21.79,above,47.5,-5.16,5.16,anticipate,15.0,30.0,40.0,0.08,4.0,9.0,88.9,1368.67,6.08,1216.7,True,2026-07-06,480,"flat, far from the entry trigger"
25,RKLB,Rocket Lab USA,14,40,WATCH,39.6,HOLD (flat - waiting for entry),93.09,88.07,93.16,inside,57.1,-5.39,5.39,anticipate,25.0,21.0,50.0,0.12,6.0,12.0,58.3,3787.3,4.76,2208.0,True,2026-07-06,294,"flat, far from the entry trigger"
26,ST,Sensata Technologies,99,3,WATCH,39.1,HOLD (flat - waiting for entry),46.12,43.4,45.2,above,76.1,-5.89,5.89,anticipate,15.0,21.0,40.0,0.12,4.0,12.0,58.3,1005.23,3.79,586.0,True,2026-07-06,523,"flat, far from the entry trigger"
27,TSLA,Tesla,7,84,WATCH,39.1,HOLD (flat - waiting for entry),419.77,395.04,397.51,above,60.3,-5.89,5.89,anticipate,20.0,40.0,40.0,0.12,6.0,14.0,50.0,968.51,2.09,484.3,True,2026-07-06,523,"flat, far from the entry trigger"
28,HR,Healthcare Realty,119,2,WATCH,39.1,HOLD (flat - waiting for entry),20.4,19.19,19.5,above,73.4,-5.91,5.91,anticipate,15.0,21.0,40.0,0.08,6.0,8.0,75.0,601.0,5.98,450.8,True,2026-07-06,523,"flat, far from the entry trigger"
29,DIS,Walt Disney,154,1,WATCH,38.8,HOLD (flat - waiting for entry),97.42,100.38,103.45,below,51.9,6.19,6.19,breakout,20.0,40.0,50.0,0.08,4.0,16.0,50.0,-31.56,0.94,-15.8,False,2026-07-06,523,"flat, far from the entry trigger"
30,WEN,Wendy’s Company,4,123,WATCH,38.7,HOLD (flat - waiting for entry),7.9,7.4,7.77,above,58.6,-6.3,6.3,anticipate,25.0,30.0,40.0,0.12,6.0,15.0,53.3,412.15,1.73,219.7,True,2026-07-06,523,"flat, far from the entry trigger"
31,CL,Colgate-Palmolive,175,1,WATCH,38.6,HOLD (flat - waiting for entry),93.39,87.42,89.54,above,72.9,-6.39,6.39,anticipate,25.0,40.0,40.0,0.12,4.0,17.0,82.4,717.58,15.03,591.3,False,2026-07-06,523,"flat, far from the entry trigger"
32,KO,Coca-Cola,76,4,WATCH,38.0,HOLD (flat - waiting for entry),82.96,77.15,78.14,above,64.6,-7.01,7.01,anticipate,25.0,30.0,50.0,0.12,6.0,12.0,66.7,619.18,7.29,413.0,True,2026-07-06,523,"flat, far from the entry trigger"
33,WAY,Waystar,143,2,WATCH,37.8,HOLD (flat - waiting for entry),23.91,22.19,22.98,above,50.3,-7.19,7.19,anticipate,20.0,21.0,50.0,0.08,4.0,8.0,12.5,-562.03,0.04,-70.3,True,2026-07-06,110,"flat, far from the entry trigger"
34,UP,Wheels Up,48,9,WATCH,37.5,HOLD (flat - waiting for entry),9.23,8.05,9.92,inside,47.1,7.5,7.5,breakout,15.0,21.0,40.0,0.08,4.0,15.0,0.0,-1998.38,0.0,-0.0,True,2026-07-06,295,"flat, far from the entry trigger"
35,BR,Broadridge Financial Solutions,170,1,WATCH,37.3,HOLD (flat - waiting for entry),144.79,155.93,168.36,below,39.1,7.69,7.69,reclaim,20.0,30.0,45.0,0.08,6.0,14.0,57.1,1743.4,9.32,995.5,True,2026-07-06,523,"flat, far from the entry trigger"
36,SOFI,SoFi,107,3,WATCH,37.0,HOLD (flat - waiting for entry),18.61,17.12,19.31,inside,59.3,-8.0,8.0,anticipate,15.0,40.0,40.0,0.08,6.0,8.0,62.5,1263.88,6.03,789.9,True,2026-07-06,288,"flat, far from the entry trigger"
37,WD,Walker & Dunlop,82,4,WATCH,36.4,HOLD (flat - waiting for entry),52.67,51.68,57.2,inside,69.1,8.62,8.62,breakout,25.0,40.0,40.0,0.08,6.0,11.0,45.5,1580.45,3.25,719.1,True,2026-07-06,523,"flat, far from the entry trigger"
38,MSFT,Microsoft,3,197,WATCH,35.7,HOLD (flat - waiting for entry),386.74,398.73,422.62,below,53.4,9.28,9.28,breakout,20.0,40.0,45.0,0.08,4.0,9.0,55.6,2295.72,11.34,1276.4,True,2026-07-06,523,"flat, far from the entry trigger"
39,DE,Deere & Company,179,1,WATCH,35.6,HOLD (flat - waiting for entry),635.71,575.99,581.34,above,62.1,-9.39,9.39,anticipate,15.0,21.0,45.0,0.12,4.0,13.0,46.2,1716.61,7.85,793.1,True,2026-07-06,523,"flat, far from the entry trigger"
40,ALK,Alaska Airlines,166,1,WATCH,35.2,HOLD (flat - waiting for entry),50.4,45.45,46.42,above,63.6,-9.82,9.82,anticipate,25.0,30.0,40.0,0.12,6.0,18.0,61.1,850.08,2.3,519.4,False,2026-07-06,523,"flat, far from the entry trigger"
41,SOUN,SoundHound AI,138,2,WATCH,35.0,HOLD (flat - waiting for entry),6.96,7.66,8.99,below,51.0,9.99,9.99,reclaim,15.0,40.0,45.0,0.08,4.0,11.0,27.3,2652.45,4.36,724.1,True,2026-07-06,220,"flat, far from the entry trigger"
42,KSS,Kohl's,194,1,WATCH,34.7,HOLD (flat - waiting for entry),16.92,15.18,15.99,above,62.9,-10.28,10.28,anticipate,15.0,21.0,40.0,0.12,6.0,18.0,44.4,365.33,1.21,162.2,False,2026-07-06,523,"flat, far from the entry trigger"
43,GS,Goldman Sachs,187,1,WATCH,33.5,HOLD (flat - waiting for entry),1055.06,934.21,983.22,above,77.3,-11.45,11.45,anticipate,15.0,30.0,45.0,0.12,6.0,13.0,61.5,685.31,2.82,421.5,True,2026-07-06,523,"flat, far from the entry trigger"
44,APLD,Applied Blockchain,44,10,WATCH,33.1,HOLD (flat - waiting for entry),33.5,33.93,37.5,below,58.3,11.93,11.93,breakout,15.0,30.0,45.0,0.08,4.0,9.0,55.6,3815.87,6.53,2121.6,True,2026-07-06,222,"flat, far from the entry trigger"
45,EW,Edwards Lifesciences,181,1,WATCH,32.8,HOLD (flat - waiting for entry),95.17,83.57,83.66,above,72.4,-12.18,12.18,anticipate,25.0,40.0,45.0,0.12,6.0,13.0,76.9,470.8,2.61,362.0,True,2026-07-06,523,"flat, far from the entry trigger"
46,AMC,AMC Entertainment,106,3,WATCH,32.2,HOLD (flat - waiting for entry),1.74,1.54,1.96,inside,57.6,12.79,12.79,breakout,25.0,40.0,40.0,0.08,6.0,10.0,20.0,2035.52,2.23,407.1,True,2026-07-06,523,"flat, far from the entry trigger"
47,PYPL,PayPal,161,1,WATCH,31.8,HOLD (flat - waiting for entry),45.09,45.23,51.03,below,49.8,13.16,13.16,breakout,20.0,40.0,50.0,0.08,4.0,13.0,30.8,2013.14,3.89,620.0,True,2026-07-06,523,"flat, far from the entry trigger"
48,BAC,Bank of America,151,1,WATCH,31.8,HOLD (flat - waiting for entry),59.9,52.01,52.31,above,74.7,-13.17,13.17,anticipate,25.0,40.0,40.0,0.12,4.0,11.0,63.6,924.81,4.85,588.2,True,2026-07-06,523,"flat, far from the entry trigger"
49,NBIS,Nebius Group,12,56,WATCH,31.5,HOLD (flat - waiting for entry),213.02,184.27,198.08,above,68.1,-13.5,13.5,reclaim,15.0,21.0,50.0,0.08,4.0,6.0,16.7,1104.65,3.26,184.5,False,2026-07-06,90,"flat, far from the entry trigger"
50,EC,Ecopetrol,118,2,WATCH,31.5,HOLD (flat - waiting for entry),14.48,12.52,14.28,above,50.3,-13.5,13.5,anticipate,15.0,40.0,45.0,0.08,6.0,8.0,87.5,880.69,15.63,770.6,True,2026-07-06,523,"flat, far from the entry trigger"
51,DEI,Douglas Emmett,54,7,WATCH,30.7,HOLD (flat - waiting for entry),12.57,10.78,11.51,above,77.0,-14.3,14.3,anticipate,20.0,40.0,40.0,0.12,6.0,19.0,31.6,-903.02,0.25,-285.4,False,2026-07-06,523,"flat, far from the entry trigger"
52,NOW,ServiceNow,21,22,WATCH,30.6,HOLD (flat - waiting for entry),107.91,104.64,123.48,inside,52.6,14.43,14.43,breakout,25.0,40.0,40.0,0.08,4.0,12.0,50.0,2367.07,5.93,1183.5,True,2026-07-06,523,"flat, far from the entry trigger"
53,NVO,Novo Nordisk,159,1,WATCH,30.2,HOLD (flat - waiting for entry),49.26,41.96,46.34,above,75.7,-14.83,14.83,anticipate,20.0,30.0,45.0,0.12,6.0,15.0,60.0,1911.32,4.14,1146.8,True,2026-07-06,523,"flat, far from the entry trigger"
54,MGM,MGM Resorts,200,1,WATCH,29.6,HOLD (flat - waiting for entry),46.88,39.67,40.51,above,70.6,-15.38,15.38,anticipate,25.0,30.0,40.0,0.12,6.0,12.0,83.3,766.25,3.8,638.3,True,2026-07-06,523,"flat, far from the entry trigger"
55,CMI,Cummins,177,1,WATCH,29.6,HOLD (flat - waiting for entry),678.36,573.67,654.2,above,68.3,-15.43,15.43,anticipate,15.0,40.0,45.0,0.08,4.0,13.0,69.2,1541.07,6.87,1066.4,True,2026-07-06,523,"flat, far from the entry trigger"
56,GL,Globe Life,186,1,WATCH,29.4,HOLD (flat - waiting for entry),176.89,149.2,154.54,above,83.7,-15.65,15.65,anticipate,20.0,40.0,40.0,0.12,4.0,8.0,75.0,1022.23,25.61,766.7,True,2026-07-06,523,"flat, far from the entry trigger"
57,HAS,Hasbro,189,1,WATCH,28.4,HOLD (flat - waiting for entry),77.98,85.09,90.93,below,32.3,16.61,16.61,breakout,25.0,40.0,45.0,0.12,6.0,14.0,35.7,479.11,1.84,171.0,True,2026-07-06,523,"flat, far from the entry trigger"
58,IBKR,Interactive Brokers,53,7,WATCH,27.4,HOLD (flat - waiting for entry),95.99,79.15,79.98,above,71.0,-17.55,17.55,anticipate,20.0,30.0,40.0,0.08,4.0,12.0,66.7,1492.25,8.54,995.3,True,2026-07-06,523,"flat, far from the entry trigger"
59,CVS,CVS Health,178,1,WATCH,26.9,HOLD (flat - waiting for entry),102.08,83.66,91.08,above,76.3,-18.05,18.05,anticipate,15.0,40.0,40.0,0.12,6.0,12.0,66.7,1166.29,7.16,777.9,True,2026-07-06,523,"flat, far from the entry trigger"
60,HPE,Hewlett Packard Enterprise,190,1,WATCH,26.9,HOLD (flat - waiting for entry),43.13,35.34,36.63,above,77.1,-18.06,18.06,anticipate,15.0,21.0,40.0,0.12,6.0,12.0,66.7,345.26,1.77,230.3,True,2026-07-06,523,"flat, far from the entry trigger"
61,LOVE,LoveSac,105,3,WATCH,26.7,HOLD (flat - waiting for entry),18.04,14.74,15.76,above,63.0,-18.3,18.3,anticipate,25.0,40.0,40.0,0.12,6.0,15.0,53.3,8625.22,8.43,4597.2,True,2026-07-06,420,"flat, far from the entry trigger"
62,FAS,Direxion Shares ETF Trust - Direxion Daily Financial Bull 3x Shares,126,2,WATCH,26.2,HOLD (flat - waiting for entry),168.6,136.94,142.81,above,78.9,-18.78,18.78,anticipate,25.0,30.0,40.0,0.08,6.0,11.0,63.6,2079.97,4.24,1322.9,True,2026-07-06,523,"flat, far from the entry trigger"
63,CRWV,CoreWeave,45,10,WATCH,25.4,HOLD (flat - waiting for entry),86.46,97.56,103.36,below,51.6,19.55,19.55,breakout,15.0,30.0,40.0,0.08,4.0,6.0,16.7,-715.93,0.09,-119.6,False,2026-07-06,68,"flat, far from the entry trigger"
64,CME,CME Group,174,1,WATCH,25.3,HOLD (flat - waiting for entry),234.76,269.46,281.11,below,29.9,19.74,19.74,breakout,25.0,40.0,40.0,0.12,4.0,11.0,54.5,1143.94,4.94,623.4,True,2026-07-06,523,"flat, far from the entry trigger"
65,NFLX,Netflix,20,23,WATCH,24.6,HOLD (flat - waiting for entry),76.02,88.79,91.5,below,23.2,20.36,20.36,breakout,20.0,40.0,50.0,0.12,6.0,8.0,62.5,3674.0,16.53,2296.2,True,2026-07-06,523,"flat, far from the entry trigger"
66,GLW,Corning,77,4,WATCH,24.5,HOLD (flat - waiting for entry),194.77,154.85,182.26,above,63.0,-20.49,20.49,anticipate,15.0,30.0,40.0,0.12,6.0,11.0,45.5,1217.73,3.65,554.1,True,2026-07-06,523,"flat, far from the entry trigger"
67,AIR,AAR,165,1,WATCH,24.1,HOLD (flat - waiting for entry),143.52,113.54,121.68,above,68.4,-20.89,20.89,anticipate,15.0,30.0,45.0,0.08,6.0,14.0,35.7,-419.82,0.63,-149.9,True,2026-07-06,523,"flat, far from the entry trigger"
68,RIVN,Rivian,41,11,WATCH,23.6,HOLD (flat - waiting for entry),20.14,15.84,15.88,above,67.1,-21.37,21.37,anticipate,25.0,40.0,45.0,0.12,6.0,11.0,63.6,586.74,2.17,373.2,True,2026-07-06,244,"flat, far from the entry trigger"
69,CBOE,Cboe,172,1,WATCH,23.1,HOLD (flat - waiting for entry),244.86,281.02,298.38,below,40.3,21.86,21.86,breakout,15.0,30.0,40.0,0.08,4.0,15.0,53.3,1403.08,4.38,747.8,True,2026-07-06,523,"flat, far from the entry trigger"
70,SMCI,Supermicro,42,10,WATCH,21.6,HOLD (flat - waiting for entry),27.19,31.27,33.56,below,53.6,23.44,23.44,breakout,15.0,40.0,40.0,0.12,4.0,15.0,26.7,8772.71,8.72,2342.3,True,2026-07-06,523,"flat, far from the entry trigger"
71,ADBE,Adobe,158,1,WATCH,18.9,HOLD (flat - waiting for entry),218.07,239.15,274.89,below,42.1,26.06,26.06,breakout,20.0,40.0,50.0,0.08,6.0,11.0,63.6,1622.96,4.85,1032.2,True,2026-07-06,523,"flat, far from the entry trigger"
72,LULU,lululemon athletica,97,3,WATCH,17.2,HOLD (flat - waiting for entry),115.64,138.77,147.73,below,31.7,27.75,27.75,breakout,25.0,21.0,40.0,0.08,4.0,15.0,53.3,1901.92,3.44,1013.7,True,2026-07-06,523,"flat, far from the entry trigger"
73,KLAC,KLA,193,1,WATCH,16.7,HOLD (flat - waiting for entry),233.31,167.26,188.2,above,71.6,-28.31,28.31,anticipate,20.0,40.0,45.0,0.12,4.0,9.0,77.8,1729.93,14.12,1345.9,True,2026-07-06,523,"flat, far from the entry trigger"
74,BE,Bloom Energy,46,9,WATCH,16.6,HOLD (flat - waiting for entry),295.18,211.3,233.69,above,67.5,-28.42,28.42,anticipate,25.0,21.0,40.0,0.12,4.0,14.0,85.7,2105.46,5.64,1804.4,True,2026-07-06,416,"flat, far from the entry trigger"
75,IQ,iQIYI,58,6,WATCH,15.3,HOLD (flat - waiting for entry),1.07,1.15,1.39,below,34.1,29.74,29.74,breakout,15.0,30.0,40.0,0.08,4.0,14.0,14.3,-373.74,0.66,-53.4,True,2026-07-06,433,"flat, far from the entry trigger"
76,UI,Ubiquiti,39,11,WATCH,10.4,HOLD (flat - waiting for entry),539.44,660.01,726.18,below,32.5,34.62,34.62,breakout,15.0,30.0,50.0,0.12,6.0,13.0,76.9,3096.53,12.16,2381.2,True,2026-07-06,523,"flat, far from the entry trigger"
77,INTC,Intel,52,7,WATCH,6.3,HOLD (flat - waiting for entry),122.2,74.86,104.02,above,70.8,-38.74,38.74,anticipate,15.0,40.0,40.0,0.12,6.0,12.0,50.0,-50.4,0.84,-25.2,True,2026-07-06,523,"flat, far from the entry trigger"
78,INTU,Intuit,192,1,WATCH,5.0,HOLD (flat - waiting for entry),272.14,381.27,443.66,below,23.9,63.03,63.03,breakout,25.0,40.0,45.0,0.08,6.0,13.0,46.2,1837.41,4.18,848.9,True,2026-07-06,523,"flat, far from the entry trigger"
79,SQQQ,ProShares Trust - ProShares UltraPro Short QQQ,104,3,WATCH,5.0,HOLD (flat - waiting for entry),38.28,46.63,62.87,below,17.9,64.24,64.24,breakout,15.0,40.0,45.0,0.12,6.0,9.0,0.0,-1480.98,0.0,-0.0,True,2026-07-06,523,"flat, far from the entry trigger"
80,SOXS,Direxion Shares ETF Trust - Direxion Daily Semiconductor Bear 3X Share,47,9,WATCH,5.0,HOLD (flat - waiting for entry),4.16,10.9,35.22,below,5.3,745.59,745.59,breakout,15.0,30.0,40.0,0.08,4.0,9.0,0.0,-1884.84,0.0,-0.0,True,2026-07-06,523,"flat, far from the entry trigger"
1,SPCX,SpaceX,9,66,SKIPPED,,,,,,,,,,,,,,,,,,,,,,,5,insufficient price history
2,OG,Onion Global,55,7,SKIPPED,,,,,,,,,,,,,,,,,,,,,,,0,insufficient price history
3,DS,Drive Shack,59,6,SKIPPED,,,,,,,,,,,,,,,,,,,,,,,0,insufficient price history
4,RE,Everest Re,113,2,SKIPPED,,,,,,,,,,,,,,,,,,,,,,,0,insufficient price history
5,DAY,Dayforce,141,2,SKIPPED,,,,,,,,,,,,,,,,,,,,,,,0,insufficient price history
